PLAN,VIGNETTE,SEQUENCE,TC IN,TC OUT,TC IN SOURCE,TC OUT SOURCE,DURÉE,SOURCE NAME,Doublons,NOMENCLATURE PLAN,LUT,GRAPHISTE,COMMENTAIRE,GRAPH VALIDÉ PAR PROD,GRAPH VALIDÉ PAR VINCENT,GRAPH RÉCUPÉRÉ PAR EVA,VERIF TECHNIQUE,MISE À DISPO EN MONTAGE
001,,REVEIL HOPITAL - JOUR,00:00:01:03,00:00:10:06,12:26:21:06,12:26:30:09,00:00:09:03,A_0002C123X250401_112218G6_UNDLM.mov,Doublon,UNDLM_00001,,,,FALSE,FALSE,FALSE,FALSE,FALSE
002,,REVEIL HOPITAL - JOUR,00:00:10:06,00:00:15:05,12:29:34:19,12:29:39:18,00:00:04:24,A_0002C125X250401_113451FW_UNDLM.mov,,UNDLM_00002,,,,FALSE,FALSE,FALSE,FALSE,FALSE
003,,REVEIL HOPITAL - JOUR,00:00:15:05,00:00:19:03,12:26:34:20,12:26:38:18,00:00:03:23,A_0002C123X250401_112218G6_UNDLM.mov,Doublon,UNDLM_00003,,,,FALSE,FALSE,FALSE,FALSE,FALSE
004,,FLASHBACK 1 - NUIT AMERICAINE,00:00:19:03,00:00:20:05,16:47:09:42,16:47:10:46,00:00:01:02,20250425_ALPHA7SIII1075.mov,Doublon,UNDLM_00004,,,,FALSE,FALSE,FALSE,FALSE,FALSE
005,,FLASHBACK 1 - NUIT AMERICAINE,00:00:20:05,00:00:21:15,16:40:57:30,16:40:59:00,00:00:01:10,20250425_ALPHA7SIII1070.mov,,UNDLM_00005,,,,FALSE,FALSE,FALSE,FALSE,FALSE
006,,FLASHBACK 1 - NUIT AMERICAINE,00:00:21:15,00:00:23:10,16:10:40:35,16:10:41:30,00:00:01:20,20250425_ALPHA7SIII1060.mov,Doublon,UNDLM_00006,,,,FALSE,FALSE,FALSE,FALSE,FALSE
007,,FLASHBACK 1 - NUIT AMERICAINE,00:00:23:10,00:00:25:00,16:47:16:38,16:47:18:18,00:00:01:15,20250425_ALPHA7SIII1075.mov,Doublon,UNDLM_00007,,,,FALSE,FALSE,FALSE,FALSE,FALSE
008,,FLASHBACK 1 - NUIT AMERICAINE,00:00:25:00,00:00:25:17,14:26:26:04,14:26:26:21,00:00:00:17,A217D146_250425TJ_CANON.mov,Doublon,UNDLM_00008,,,,FALSE,FALSE,FALSE,FALSE,FALSE
009,,FLASHBACK 1 - NUIT AMERICAINE,00:00:25:17,00:00:30:06,16:59:56:26,17:00:01:04,00:00:04:14,20250425_ALPHA7SIII1079.mov,Doublon,UNDLM_00009,,,,FALSE,FALSE,FALSE,FALSE,FALSE
010,,REVEIL HOPITAL - JOUR,00:00:30:06,00:00:32:21,12:12:54:06,12:12:56:21,00:00:02:15,A_0002C122X250401_11160767_UNDLM.mov,,UNDLM_00010,,,,FALSE,FALSE,FALSE,FALSE,FALSE
011,,FLASHBACK 1 - NUIT AMERICAINE,00:00:32:21,00:00:36:15,16:58:51:08,16:58:54:46,00:00:03:19,20250425_ALPHA7SIII1078.mov,Doublon,UNDLM_00011,,,,FALSE,FALSE,FALSE,FALSE,FALSE
012,,FLASHBACK 1 - NUIT AMERICAINE,00:00:36:15,00:00:40:08,16:46:24:37,16:46:26:30,00:00:03:18,20250425_ALPHA7SIII1073.mov,,UNDLM_00012,,,,FALSE,FALSE,FALSE,FALSE,FALSE
013,,FLASHBACK 1 - NUIT AMERICAINE,00:00:40:08,00:00:46:03,16:11:00:43,16:11:03:38,00:00:05:20,20250425_ALPHA7SIII1060.mov,Doublon,UNDLM_00013,,,,FALSE,FALSE,FALSE,FALSE,FALSE
014,,FLASHBACK 1 - NUIT AMERICAINE,00:00:46:03,00:00:48:14,16:58:58:46,16:59:01:18,00:00:02:11,20250425_ALPHA7SIII1078.mov,Doublon,UNDLM_00014,,,,FALSE,FALSE,FALSE,FALSE,FALSE
015,,FLASHBACK 1 - NUIT AMERICAINE,00:00:48:14,00:00:51:00,16:11:01:06,16:11:02:04,00:00:02:11,20250425_ALPHA7SIII1060.mov,Doublon,UNDLM_00015,,,,FALSE,FALSE,FALSE,FALSE,FALSE
016,,FLASHBACK 1 - NUIT AMERICAINE,00:00:51:00,00:00:54:24,16:23:12:38,16:23:16:36,00:00:03:24,20250425_ALPHA7SIII1064.mov,Doublon,UNDLM_00016,,,Fondu enchainé au montage / Dis-moi si tu as besoin de poignées,FALSE,FALSE,FALSE,FALSE,FALSE
017,,REVEIL HOPITAL - JOUR,00:00:54:24,00:00:58:10,12:26:40:00,12:26:42:01,00:00:03:11,A_0002C123X250401_112218G6_UNDLM.mov,Doublon,UNDLM_00017,,,Fondu enchainé au montage / Dis-moi si tu as besoin de poignées,FALSE,FALSE,FALSE,FALSE,FALSE
018,,GENERIQUE + CARTONS ENTRE CHIEN ET LOUP,00:00:58:10,00:01:07:09,00:00:00:00,00:00:08:24,00:00:08:24,DJI_0020.mov,,UNDLM_00018,,,Fondu enchainé au montage / Dis-moi si tu as besoin de poignées,FALSE,FALSE,FALSE,FALSE,FALSE
019,,GENERIQUE + CARTONS ENTRE CHIEN ET LOUP,00:01:07:09,00:01:15:16,00:00:17:14,00:00:25:21,00:00:08:07,DJI_20250331145635_0016_D.mov,,UNDLM_00019,,,,FALSE,FALSE,FALSE,FALSE,FALSE
020,,GENERIQUE + CARTONS ENTRE CHIEN ET LOUP,00:01:15:16,00:01:22:05,00:00:04:03,00:00:10:17,00:00:06:14,DJI_20250331150107_0022_D.mov,,UNDLM_00020,,,,FALSE,FALSE,FALSE,FALSE,FALSE
021,,GENERIQUE + CARTONS ENTRE CHIEN ET LOUP,00:01:22:05,00:01:28:21,00:00:21:13,00:00:28:04,00:00:06:16,DJI_20250331153537_0034_D.mov,,UNDLM_00021,,,,FALSE,FALSE,FALSE,FALSE,FALSE
022,,GENERIQUE + CARTONS ENTRE CHIEN ET LOUP,00:01:28:21,00:01:37:18,00:00:00:02,00:00:08:24,00:00:08:22,DJI_20250331154416_0045_D.mov,,UNDLM_00022,,,,FALSE,FALSE,FALSE,FALSE,FALSE
023,,REVEIL HOPITAL - JOUR,00:01:46:00,00:01:56:22,17:06:06:05,17:06:17:02,00:00:10:22,A_0002C160X250401_1611230E_UNDLM.mov,,UNDLM_00023,,,,FALSE,FALSE,FALSE,FALSE,FALSE
024,,REVEIL HOPITAL - JOUR,00:01:56:22,00:02:03:06,17:14:29:18,17:14:36:02,00:00:06:09,A_0002C166X250401_161943QU_UNDLM.mov,,UNDLM_00024,,,,FALSE,FALSE,FALSE,FALSE,FALSE
025,,REVEIL HOPITAL - JOUR,00:02:03:06,00:02:13:05,11:16:55:16,11:17:05:15,00:00:09:24,A_0002C114X250401_101702L9_UNDLM.mov,Doublon,UNDLM_00025,,,,FALSE,FALSE,FALSE,FALSE,FALSE
026,,REVEIL HOPITAL - JOUR,00:02:13:05,00:02:18:08,13:09:33:19,13:09:38:22,00:00:05:03,A_0002C135X250401_1212512O_UNDLM.mov,Doublon,UNDLM_00026,,,,FALSE,FALSE,FALSE,FALSE,FALSE
027,,REVEIL HOPITAL - JOUR,00:02:18:08,00:02:22:20,11:52:56:17,11:53:01:04,00:00:04:12,A_0002C118X250401_105309K7_UNDLM.mov,,UNDLM_00027,,FALSE,,FALSE,FALSE,FALSE,FALSE,FALSE
028,,REVEIL HOPITAL - JOUR,00:02:22:20,00:02:26:15,12:42:58:23,12:43:02:18,00:00:03:20,A_0002C132X250401_114807EG_UNDLM.mov,,UNDLM_00028,,FALSE,,FALSE,FALSE,FALSE,FALSE,FALSE
029,,REVEIL HOPITAL - JOUR,00:02:26:15,00:02:33:22,13:09:19:21,13:09:27:03,00:00:07:07,A_0002C135X250401_1212512O_UNDLM.mov,Doublon,UNDLM_00029,,FALSE,,FALSE,FALSE,FALSE,FALSE,FALSE
030,,REVEIL HOPITAL - JOUR,00:02:33:22,00:02:38:07,12:01:18:01,12:01:22:11,00:00:04:10,A_0002C120X250401_11001037_UNDLM.mov,,UNDLM_00030,,FALSE,,FALSE,FALSE,FALSE,FALSE,FALSE
031,,REVEIL HOPITAL - JOUR,00:02:38:07,00:02:44:12,13:13:53:02,13:13:59:07,00:00:06:05,A_0002C136X250401_121755YC_UNDLM.mov,,UNDLM_00031,,FALSE,,FALSE,FALSE,FALSE,FALSE,FALSE
032,,REVEIL HOPITAL - JOUR,00:02:44:12,00:02:50:10,11:39:52:19,11:39:58:17,00:00:05:23,A_0002C115X250401_103859UY_UNDLM.mov,,UNDLM_00032,,FALSE,,FALSE,FALSE,FALSE,FALSE,FALSE
033,,REVEIL HOPITAL - JOUR,00:02:50:10,00:02:55:00,13:21:04:13,13:21:09:03,00:00:04:15,A_0002C138X250401_122621T0_UNDLM.mov,,UNDLM_00033,,FALSE,,FALSE,FALSE,FALSE,FALSE,FALSE
034,,REVEIL HOPITAL - JOUR,00:02:55:00,00:03:05:15,13:08:16:11,13:08:27:01,00:00:10:15,A_0002C135X250401_1212512O_UNDLM.mov,Doublon,UNDLM_00034,,FALSE,,FALSE,FALSE,FALSE,FALSE,FALSE
035,,BUS - FIN DE JOURNEE,00:03:05:19,00:03:14:07,00:00:58:08,00:01:13:16,00:00:08:13,DJI_20250331104425_0011_D.mov,,UNDLM_00035,,FALSE,,FALSE,FALSE,FALSE,FALSE,FALSE
036,,BUS - FIN DE JOURNEE,00:03:14:07,00:03:21:03,11:27:58:24,11:28:00:01,00:00:06:21,A_0001C023X250331_102634ZX_UNDLM.mov,,UNDLM_00036,,FALSE,,FALSE,FALSE,FALSE,FALSE,FALSE
037,,BUS - FIN DE JOURNEE,00:03:21:03,00:03:28:01,10:06:51:05,10:06:52:15,00:00:06:23,A_0001C003X250331_09034736_UNDLM.mov,Doublon,UNDLM_00037,,FALSE,,FALSE,FALSE,FALSE,FALSE,FALSE
038,,BUS - FIN DE JOURNEE,00:03:28:01,00:03:29:04,10:17:16:11,10:17:17:14,00:00:01:03,A_0001C007X250331_091554CD_UNDLM.mov,Doublon,UNDLM_00038,,FALSE,,FALSE,FALSE,FALSE,FALSE,FALSE
039,,BUS - FIN DE JOURNEE,00:03:29:04,00:03:30:08,10:17:17:14,10:17:18:18,00:00:01:04,A_0001C007X250331_091554CD_UNDLM.mov,Doublon,UNDLM_00039,,FALSE,,FALSE,FALSE,FALSE,FALSE,FALSE
040,,BUS - FIN DE JOURNEE,00:03:30:08,00:03:32:19,16:24:48:07,16:24:50:18,00:00:02:11,A_0002C150X250401_152859BA_UNDLM.mov,,UNDLM_00040,,FALSE,,FALSE,FALSE,FALSE,FALSE,FALSE
041,,BUS - FIN DE JOURNEE,00:03:32:19,00:03:36:07,11:52:53:24,11:52:57:12,00:00:03:13,A_0001C033X250331_105256ON_UNDLM.mov,,UNDLM_00041,,FALSE,,FALSE,FALSE,FALSE,FALSE,FALSE
042,,BUS - FIN DE JOURNEE,00:03:36:07,00:03:41:01,15:13:26:16,15:13:31:10,00:00:04:19,B_0001C005X250331_141021CZ_UNDLM.mov,Doublon,UNDLM_00042,,FALSE,,FALSE,FALSE,FALSE,FALSE,FALSE
043,,BUS - FIN DE JOURNEE,00:03:41:01,00:03:45:01,18:16:54:05,18:16:58:05,00:00:04:00,A_0001C105X250331_171707HR_UNDLM.mov,,UNDLM_00043,,FALSE,,FALSE,FALSE,FALSE,FALSE,FALSE
044,,BUS - FIN DE JOURNEE,00:03:45:01,00:03:47:21,18:16:34:22,18:16:37:17,00:00:02:20,A_0001C104X250331_171645ZU_UNDLM.mov,,UNDLM_00044,,FALSE,,FALSE,FALSE,FALSE,FALSE,FALSE
045,,BUS - FIN DE JOURNEE,00:03:47:21,00:03:51:04,10:05:03:13,10:05:06:21,00:00:03:08,A_0001C003X250331_09034736_UNDLM.mov,Doublon,UNDLM_00045,,FALSE,,FALSE,FALSE,FALSE,FALSE,FALSE
046,,BUS - FIN DE JOURNEE,00:03:51:04,00:03:56:14,11:40:13:14,11:40:18:24,00:00:05:10,A_0001C025X250331_104028Z4_UNDLM.mov,,UNDLM_00046,,FALSE,,FALSE,FALSE,FALSE,FALSE,FALSE
047,,BUS - FIN DE JOURNEE,00:03:56:14,00:04:00:17,11:31:11:09,11:31:15:12,00:00:04:03,A_0001C024X250331_1030489A_UNDLM.mov,Doublon,UNDLM_00047,,FALSE,,FALSE,FALSE,FALSE,FALSE,FALSE
048,,BUS - FIN DE JOURNEE,00:04:00:17,00:04:03:04,11:12:45:23,11:12:48:10,00:00:02:12,A_0001C019X250331_101134HB_UNDLM.mov,,UNDLM_00048,,FALSE,,FALSE,FALSE,FALSE,FALSE,FALSE
049,,BUS - FIN DE JOURNEE,00:04:03:04,00:04:07:15,11:32:25:12,11:32:29:23,00:00:04:11,A_0001C024X250331_1030489A_UNDLM.mov,Doublon,UNDLM_00049,,FALSE,,FALSE,FALSE,FALSE,FALSE,FALSE
050,,BUS - FIN DE JOURNEE,00:04:07:15,00:04:13:09,10:06:02:13,10:06:08:07,00:00:05:19,A_0001C003X250331_09034736_UNDLM.mov,Doublon,UNDLM_00050,,FALSE,,FALSE,FALSE,FALSE,FALSE,FALSE
051,,BUS - FIN DE JOURNEE,00:04:13:09,00:04:21:09,11:31:55:10,11:32:03:10,00:00:08:00,A_0001C024X250331_1030489A_UNDLM.mov,Doublon,UNDLM_00051,,FALSE,,FALSE,FALSE,FALSE,FALSE,FALSE
052,,BUS - FIN DE JOURNEE,00:04:21:09,00:04:31:19,10:44:51:03,10:45:01:13,00:00:10:10,A_0001C011X250331_0944099F_UNDLM.mov,,UNDLM_00052,,FALSE,,FALSE,FALSE,FALSE,FALSE,FALSE
053,,BUS - FIN DE JOURNEE,00:04:31:19,00:04:34:17,10:33:29:13,10:33:32:11,00:00:02:23,A_0001C009X250331_093305HR_UNDLM.mov,Doublon,UNDLM_00053,,FALSE,,FALSE,FALSE,FALSE,FALSE,FALSE
054,,BUS - FIN DE JOURNEE,00:04:34:17,00:04:38:16,10:33:36:12,10:33:40:11,00:00:03:24,A_0001C009X250331_093305HR_UNDLM.mov,Doublon,UNDLM_00054,,FALSE,,FALSE,FALSE,FALSE,FALSE,FALSE
055,,BUS - FIN DE JOURNEE,00:04:38:16,00:04:45:05,10:38:07:09,10:38:13:23,00:00:06:14,A_0001C010X250331_093737OK_UNDLM.mov,,UNDLM_00055,,FALSE,,FALSE,FALSE,FALSE,FALSE,FALSE
056,,BUS - FIN DE JOURNEE,00:04:45:05,00:04:47:04,18:29:47:00,18:29:48:24,00:00:01:24,A_0001C111X250331_173001B6_UNDLM.mov,,UNDLM_00056,,FALSE,,FALSE,FALSE,FALSE,FALSE,FALSE
057,,BUS - FIN DE JOURNEE,00:04:47:04,00:04:49:15,11:08:01:22,11:08:04:08,00:00:02:11,A_0001C018X250331_10080271_UNDLM.mov,,UNDLM_00057,,FALSE,,FALSE,FALSE,FALSE,FALSE,FALSE
058,,BUS - FIN DE JOURNEE,00:04:49:15,00:04:52:17,11:55:24:18,11:55:27:20,00:00:03:02,A_0001C034X250331_10533836_UNDLM.mov,,UNDLM_00058,,FALSE,,FALSE,FALSE,FALSE,FALSE,FALSE
059,,BUS - FIN DE JOURNEE,00:04:52:17,00:04:56:09,18:19:03:04,18:19:06:21,00:00:03:17,A_0001C108X250331_1719144V_UNDLM.mov,,UNDLM_00059,,FALSE,,FALSE,FALSE,FALSE,FALSE,FALSE
060,,BUS - FIN DE JOURNEE,00:04:56:09,00:05:00:05,00:00:31:11,00:00:35:07,00:00:03:21,AFP__20101119__MMV310554_TFR__v3__MPEG4640x480__MigrantsLeCampementDeTeteghemEnSursi.mov,,UNDLM_00060,,FALSE,,FALSE,FALSE,FALSE,FALSE,FALSE
061,,BUS - FIN DE JOURNEE,00:05:00:05,00:05:02:21,00:00:04:18,00:00:07:09,00:00:02:16,INA_8116529_001_004_jungle.mov,,UNDLM_00061,,FALSE,,FALSE,FALSE,FALSE,FALSE,FALSE
062,,BUS - FIN DE JOURNEE,00:05:02:21,00:05:05:15,00:00:10:11,00:00:13:05,00:00:02:19,INA_G5520450_001_019_jungle.mov,,UNDLM_00062,,FALSE,,FALSE,FALSE,FALSE,FALSE,FALSE
063,,BUS - FIN DE JOURNEE,00:05:05:15,00:05:11:23,10:34:52:10,10:34:58:18,00:00:06:08,039A4484.mov,,UNDLM_00063,,FALSE,,FALSE,FALSE,FALSE,FALSE,FALSE
064,,BUS - FIN DE JOURNEE,00:05:11:23,00:05:15:19,10:31:09:22,10:31:13:18,00:00:03:21,039A4480.mov,,UNDLM_00064,,FALSE,,FALSE,FALSE,FALSE,FALSE,FALSE
065,,BUS - FIN DE JOURNEE,00:05:15:19,00:05:18:16,10:43:02:09,10:43:05:06,00:00:02:22,039A4485.mov,,UNDLM_00065,,FALSE,,FALSE,FALSE,FALSE,FALSE,FALSE
066,,BUS - FIN DE JOURNEE,00:05:18:16,00:05:23:08,10:45:12:11,10:45:17:03,00:00:04:17,039A4486.mov,,UNDLM_00066,,FALSE,,FALSE,FALSE,FALSE,FALSE,FALSE
067,,BUS - FIN DE JOURNEE,00:05:23:08,00:05:26:07,10:46:47:13,10:46:50:12,00:00:02:24,039A4487.mov,,UNDLM_00067,,FALSE,,FALSE,FALSE,FALSE,FALSE,FALSE
068,,BUS - FIN DE JOURNEE,00:05:26:07,00:05:30:16,10:17:38:23,10:17:43:07,00:00:04:09,A211C904_2504242V_CANON.mov,,UNDLM_00068,,FALSE,,FALSE,FALSE,FALSE,FALSE,FALSE
069,,BUS - FIN DE JOURNEE,00:05:30:16,00:05:36:11,00:00:20:05,00:00:26:00,00:00:05:20,DJI_20250331125835_0002_D.mov,,UNDLM_00069,,FALSE,,FALSE,FALSE,FALSE,FALSE,FALSE
070,,BUS - FIN DE JOURNEE,00:05:36:11,00:05:44:08,15:13:21:21,15:13:29:18,00:00:07:22,B_0001C005X250331_141021CZ_UNDLM.mov,Doublon,UNDLM_00070,,FALSE,,FALSE,FALSE,FALSE,FALSE,FALSE
071,,BUS - FIN DE JOURNEE,00:05:44:08,00:05:49:24,12:32:29:23,12:32:35:14,00:00:05:16,A_0001C039X250331_113223IP_UNDLM.mov,,UNDLM_00071,,FALSE,,FALSE,FALSE,FALSE,FALSE,FALSE
072,,BUS - FIN DE JOURNEE,00:05:49:24,00:05:52:23,12:37:37:04,12:37:40:03,00:00:02:24,A_0001C041X250331_1137163C_UNDLM.mov,Doublon,UNDLM_00072,,FALSE,,FALSE,FALSE,FALSE,FALSE,FALSE
073,,BUS - FIN DE JOURNEE,00:05:52:23,00:05:56:18,12:59:47:16,12:59:51:11,00:00:03:20,A_0001C045X250331_1159043G_UNDLM.mov,Doublon,UNDLM_00073,,FALSE,,FALSE,FALSE,FALSE,FALSE,FALSE
074,,MARCHE - FIN DE JOURNEE,00:05:56:18,00:06:03:19,12:37:42:07,12:37:49:08,00:00:07:01,A_0001C041X250331_1137163C_UNDLM.mov,Doublon,UNDLM_00074,,FALSE,,FALSE,FALSE,FALSE,FALSE,FALSE
075,,MARCHE - FIN DE JOURNEE,00:06:03:19,00:06:09:01,13:00:04:08,13:00:09:15,00:00:05:07,A_0001C045X250331_1159043G_UNDLM.mov,Doublon,UNDLM_00075,,FALSE,,FALSE,FALSE,FALSE,FALSE,FALSE
076,,MARCHE - FIN DE JOURNEE,00:06:09:01,00:06:12:11,13:00:17:08,13:00:20:18,00:00:03:10,A_0001C045X250331_1159043G_UNDLM.mov,Doublon,UNDLM_00076,,FALSE,,FALSE,FALSE,FALSE,FALSE,FALSE
077,,MARCHE - FIN DE JOURNEE,00:06:12:11,00:06:15:17,00:00:47:11,00:00:50:17,00:00:03:06,A_0001C056X250331_1451362I_UNDLM.movCaméra multiple,,UNDLM_00077,,FALSE,,FALSE,FALSE,FALSE,FALSE,FALSE
078,,MARCHE - FIN DE JOURNEE,00:06:15:17,00:06:20:17,16:11:32:04,16:11:37:04,00:00:05:00,A_0001C062X250331_15112286_UNDLM.mov,,UNDLM_00078,,FALSE,,FALSE,FALSE,FALSE,FALSE,FALSE
079,,MARCHE - FIN DE JOURNEE,00:06:20:17,00:06:25:01,15:59:54:23,15:59:59:07,00:00:04:09,A_0001C058X250331_150002WU_UNDLM.mov,Doublon,UNDLM_00079,,FALSE,,FALSE,FALSE,FALSE,FALSE,FALSE
080,,MARCHE - FIN DE JOURNEE,00:06:25:01,00:06:29:22,00:01:43:00,00:01:47:21,00:00:04:21,A_0001C057X250331_145557F3_UNDLM.movCaméra multiple,,UNDLM_00080,,FALSE,,FALSE,FALSE,FALSE,FALSE,FALSE
081,,MARCHE - FIN DE JOURNEE,00:06:29:22,00:06:34:00,16:01:05:02,16:01:09:05,00:00:04:03,A_0001C059X250331_150115GW_UNDLM.mov,,UNDLM_00081,,FALSE,,FALSE,FALSE,FALSE,FALSE,FALSE
082,,MARCHE - FIN DE JOURNEE,00:06:34:00,00:06:40:00,16:00:11:15,16:00:17:15,00:00:06:00,A_0001C058X250331_150002WU_UNDLM.mov,Doublon,UNDLM_00082,,FALSE,,FALSE,FALSE,FALSE,FALSE,FALSE
083,,MARCHE - FIN DE JOURNEE,00:06:40:00,00:06:42:23,16:55:48:06,16:55:51:04,00:00:02:23,A_0001C076X250331_1555596J_UNDLM.mov,,UNDLM_00083,,FALSE,,FALSE,FALSE,FALSE,FALSE,FALSE
084,,MARCHE - FIN DE JOURNEE,00:06:42:23,00:06:47:15,18:04:12:18,18:04:17:10,00:00:04:17,A_0001C096X250331_170359YY_UNDLM.mov,,UNDLM_00084,,FALSE,,FALSE,FALSE,FALSE,FALSE,FALSE
085,,MARCHE - FIN DE JOURNEE,00:06:47:15,00:06:59:13,16:44:22:05,16:44:34:03,00:00:11:23,A_0001C067X250331_154421OR_UNDLM.mov,,UNDLM_00085,,FALSE,,FALSE,FALSE,FALSE,FALSE,FALSE
086,,MARCHE - FIN DE JOURNEE,00:06:59:13,00:07:05:02,17:00:14:15,17:00:20:04,00:00:05:14,A_0001C078X250331_155858ZR_UNDLM.mov,Doublon,UNDLM_00086,,FALSE,,FALSE,FALSE,FALSE,FALSE,FALSE
087,,MARCHE - FIN DE JOURNEE,00:07:05:02,00:07:10:19,17:00:03:17,17:00:09:09,00:00:05:17,A_0001C078X250331_155858ZR_UNDLM.mov,Doublon,UNDLM_00087,,FALSE,,FALSE,FALSE,FALSE,FALSE,FALSE
088,,MARCHE - FIN DE JOURNEE,00:07:10:19,00:07:16:08,17:01:31:16,17:01:37:05,00:00:05:14,A_0001C078X250331_155858ZR_UNDLM.mov,Doublon,UNDLM_00088,,FALSE,,FALSE,FALSE,FALSE,FALSE,FALSE
089,,MARCHE - FIN DE JOURNEE,00:07:16:08,00:07:20:17,17:01:55:01,17:01:59:10,00:00:04:09,A_0001C078X250331_155858ZR_UNDLM.mov,Doublon,UNDLM_00089,,FALSE,,FALSE,FALSE,FALSE,FALSE,FALSE
090,,MARCHE - FIN DE JOURNEE,00:07:20:17,00:07:26:13,19:55:29:19,19:55:35:15,00:00:05:21,A213C973_250424VK_CANON.mov,,UNDLM_00090,,FALSE,,FALSE,FALSE,FALSE,FALSE,FALSE
091,,ATTENTE PLAGE - ENTRE CHIEN ET LOUP,00:07:26:13,00:07:40:00,11:59:05:02,11:59:18:14,00:00:13:12,A211C915_250424E6_CANON.mov,,UNDLM_00091,,FALSE,,FALSE,FALSE,FALSE,FALSE,FALSE
092,,ATTENTE PLAGE - ENTRE CHIEN ET LOUP,00:07:40:00,00:07:51:18,00:00:05:13,00:00:17:06,00:00:11:18,DJI_20250331144431_0006_D.mov,,UNDLM_00092,,FALSE,,FALSE,FALSE,FALSE,FALSE,FALSE
093,,ATTENTE PLAGE - ENTRE CHIEN ET LOUP,00:07:51:18,00:08:00:00,00:00:00:00,00:00:08:07,00:00:08:07,DJI_20250331144900_0011_D.mov,,UNDLM_00093,,FALSE,,FALSE,FALSE,FALSE,FALSE,FALSE
094,,ATTENTE PLAGE - ENTRE CHIEN ET LOUP,00:08:00:00,00:08:03:21,17:00:53:07,17:00:57:03,00:00:03:21,20250424_ALPHA7SIII1046.mov,,UNDLM_00094,,FALSE,,FALSE,FALSE,FALSE,FALSE,FALSE
095,,ATTENTE PLAGE - ENTRE CHIEN ET LOUP,00:08:03:21,00:08:07:05,16:45:16:20,16:45:20:04,00:00:03:09,A212C954_25042422_CANON.mov,Doublon,UNDLM_00095,,FALSE,,FALSE,FALSE,FALSE,FALSE,FALSE
096,,ATTENTE PLAGE - ENTRE CHIEN ET LOUP,00:08:07:05,00:08:10:11,16:45:22:21,16:45:26:02,00:00:03:06,A212C954_25042422_CANON.mov,Doublon,UNDLM_00096,,FALSE,,FALSE,FALSE,FALSE,FALSE,FALSE
097,,ATTENTE PLAGE - ENTRE CHIEN ET LOUP,00:08:10:11,00:08:25:16,12:28:41:20,12:28:57:00,00:00:15:05,A211C920_250424P0_CANON.mov,,UNDLM_00097,,FALSE,,FALSE,FALSE,FALSE,FALSE,FALSE
098,,ATTENTE PLAGE - ENTRE CHIEN ET LOUP,00:08:25:16,00:08:30:03,12:41:16:00,12:41:20:12,00:00:04:12,A211C923_250424SE_CANON.mov,,UNDLM_00098,,FALSE,,FALSE,FALSE,FALSE,FALSE,FALSE
099,,ATTENTE PLAGE - ENTRE CHIEN ET LOUP,00:08:30:03,00:08:34:13,12:34:00:06,12:34:04:16,00:00:04:10,A211C921_250424SY_CANON.mov,Doublon,UNDLM_00099,,FALSE,,FALSE,FALSE,FALSE,FALSE,FALSE
100,,ATTENTE PLAGE - ENTRE CHIEN ET LOUP,00:08:34:13,00:08:37:23,12:33:52:20,12:33:56:05,00:00:03:10,A211C921_250424SY_CANON.mov,Doublon,UNDLM_00100,,FALSE,,FALSE,FALSE,FALSE,FALSE,FALSE
101,,ATTENTE PLAGE - ENTRE CHIEN ET LOUP,00:08:37:23,00:08:45:05,00:00:00:00,00:00:07:06,00:00:07:07,12582459_3840_2160_24fps.mp4,,UNDLM_00101,,FALSE,,FALSE,FALSE,FALSE,FALSE,FALSE
102,,ATTENTE PLAGE - ENTRE CHIEN ET LOUP,00:08:45:05,00:08:49:00,12:53:50:24,12:53:54:19,00:00:03:20,20250424_ALPHA7SIII1019.mov,,UNDLM_00102,,FALSE,,FALSE,FALSE,FALSE,FALSE,FALSE
103,,ATTENTE PLAGE - ENTRE CHIEN ET LOUP,00:08:49:00,00:08:55:05,12:58:25:01,12:58:31:06,00:00:06:05,A211C927_250424VQ_CANON.mov,Doublon,UNDLM_00103,,FALSE,,FALSE,FALSE,FALSE,FALSE,FALSE
104,,ATTENTE PLAGE - ENTRE CHIEN ET LOUP,00:08:55:05,00:09:01:18,12:57:36:23,12:57:43:11,00:00:06:13,20250424_ALPHA7SIII1020.mov,,UNDLM_00104,,FALSE,,FALSE,FALSE,FALSE,FALSE,FALSE
105,,ATTENTE PLAGE - ENTRE CHIEN ET LOUP,00:09:01:18,00:09:06:22,12:58:41:02,12:58:46:06,00:00:05:04,A211C927_250424VQ_CANON.mov,Doublon,UNDLM_00105,,FALSE,,FALSE,FALSE,FALSE,FALSE,FALSE
106,,ATTENTE PLAGE - ENTRE CHIEN ET LOUP,00:09:06:22,00:09:14:15,16:46:35:10,16:46:43:03,00:00:07:18,A212C954_25042422_CANON.mov,Doublon,UNDLM_00106,,FALSE,,FALSE,FALSE,FALSE,FALSE,FALSE
107,,ATTENTE PLAGE - ENTRE CHIEN ET LOUP,00:09:14:15,00:09:18:05,12:33:06:13,12:33:10:03,00:00:03:15,A211C921_250424SY_CANON.mov,Doublon,UNDLM_00107,,FALSE,,FALSE,FALSE,FALSE,FALSE,FALSE
108,,ATTENTE PLAGE - ENTRE CHIEN ET LOUP,00:09:18:05,00:09:22:07,17:01:52:14,17:01:56:16,00:00:04:02,A213C957_250424AO_CANON.mov,,UNDLM_00108,,FALSE,,FALSE,FALSE,FALSE,FALSE,FALSE
109,,ATTENTE PLAGE - ENTRE CHIEN ET LOUP,00:09:22:07,00:09:24:07,14:27:03:12,14:27:05:12,00:00:02:00,20250424_ALPHA7SIII1023.mov,,UNDLM_00109,,FALSE,,FALSE,FALSE,FALSE,FALSE,FALSE
110,,ATTENTE PLAGE - ENTRE CHIEN ET LOUP,00:09:24:07,00:09:26:22,14:27:52:20,14:27:55:10,00:00:02:15,A212C932_250424IA_CANON.mov,,UNDLM_00110,,FALSE,,FALSE,FALSE,FALSE,FALSE,FALSE
111,,ATTENTE PLAGE - ENTRE CHIEN ET LOUP,00:09:26:22,00:09:31:06,14:32:48:09,14:32:52:18,00:00:04:09,20250424_ALPHA7SIII1025.mov,Doublon,UNDLM_00111,,FALSE,,FALSE,FALSE,FALSE,FALSE,FALSE
112,,ATTENTE PLAGE - ENTRE CHIEN ET LOUP,00:09:31:06,00:09:37:10,14:25:58:08,14:26:04:12,00:00:06:04,A212C931_250424BO_CANON.mov,Doublon,UNDLM_00112,,FALSE,,FALSE,FALSE,FALSE,FALSE,FALSE
113,,ATTENTE PLAGE - ENTRE CHIEN ET LOUP,00:09:37:10,00:09:41:17,14:33:07:18,14:33:12:00,00:00:04:07,20250424_ALPHA7SIII1025.mov,Doublon,UNDLM_00113,,FALSE,,FALSE,FALSE,FALSE,FALSE,FALSE
114,,ATTENTE PLAGE - ENTRE CHIEN ET LOUP,00:09:41:17,00:09:44:13,14:26:10:08,14:26:13:04,00:00:02:21,A212C931_250424BO_CANON.mov,Doublon,UNDLM_00114,,FALSE,,FALSE,FALSE,FALSE,FALSE,FALSE
115,,ATTENTE PLAGE - ENTRE CHIEN ET LOUP,00:09:44:13,00:09:48:18,14:33:14:06,14:33:18:11,00:00:04:05,20250424_ALPHA7SIII1025.mov,Doublon,UNDLM_00115,,FALSE,,FALSE,FALSE,FALSE,FALSE,FALSE
116,,ATTENTE PLAGE - ENTRE CHIEN ET LOUP,00:09:48:18,00:09:52:18,14:26:14:18,14:26:18:18,00:00:04:00,A212C931_250424BO_CANON.mov,Doublon,UNDLM_00116,,FALSE,,FALSE,FALSE,FALSE,FALSE,FALSE
117,,ATTENTE PLAGE - ENTRE CHIEN ET LOUP,00:09:52:18,00:09:56:03,00:00:14:11,00:00:17:21,00:00:03:10,DJI_20250331150413_0025_D.mov,,UNDLM_00117,,FALSE,,FALSE,FALSE,FALSE,FALSE,FALSE
118,,DEPART EN MER - 20H30-21H30 - NUIT AMERICAINE,00:09:56:03,00:09:59:18,17:34:08:07,17:34:11:22,00:00:03:15,20250424_ALPHA7SIII1050.mov,Doublon,UNDLM_00118,,FALSE,,FALSE,FALSE,FALSE,FALSE,FALSE
119,,DEPART EN MER - 20H30-21H30 - NUIT AMERICAINE,00:09:59:18,00:10:06:03,17:20:46:11,17:20:52:21,00:00:06:10,20250424_ALPHA7SIII1049.mov,Doublon,UNDLM_00119,,FALSE,,FALSE,FALSE,FALSE,FALSE,FALSE
120,,DEPART EN MER - 20H30-21H30 - NUIT AMERICAINE,00:10:06:03,00:10:11:00,17:20:42:21,17:20:47:18,00:00:04:22,20250424_ALPHA7SIII1049.mov,Doublon,UNDLM_00120,,FALSE,,FALSE,FALSE,FALSE,FALSE,FALSE
121,,DEPART EN MER - 20H30-21H30 - NUIT AMERICAINE,00:10:11:00,00:10:15:21,17:21:05:13,17:21:10:09,00:00:04:21,20250424_ALPHA7SIII1049.mov,Doublon,UNDLM_00121,,FALSE,,FALSE,FALSE,FALSE,FALSE,FALSE
122,,DEPART EN MER - 20H30-21H30 - NUIT AMERICAINE,00:10:15:21,00:10:20:00,18:07:59:18,18:08:03:22,00:00:04:04,20250424_ALPHA7SIII1054.mov,,UNDLM_00122,,FALSE,,FALSE,FALSE,FALSE,FALSE,FALSE
123,,DEPART EN MER - 20H30-21H30 - NUIT AMERICAINE,00:10:19:10,00:10:20:16,00:00:13:21,00:00:14:29,00:00:01:08,istockphoto-1201453474-640_adpp_is.mp4,,UNDLM_00123,,FALSE,,FALSE,FALSE,FALSE,FALSE,FALSE
124,,DEPART EN MER - 20H30-21H30 - NUIT AMERICAINE,00:10:20:00,00:10:25:23,17:21:14:21,17:21:20:19,00:00:05:23,20250424_ALPHA7SIII1049.mov,Doublon,UNDLM_00124,,FALSE,,FALSE,FALSE,FALSE,FALSE,FALSE
125,,DEPART EN MER - 20H30-21H30 - NUIT AMERICAINE,00:10:25:23,00:10:33:03,17:35:00:04,17:35:07:09,00:00:07:05,20250424_ALPHA7SIII1050.mov,Doublon,UNDLM_00125,,FALSE,,FALSE,FALSE,FALSE,FALSE,FALSE
126,,DEPART EN MER - 20H30-21H30 - NUIT AMERICAINE,00:10:33:03,00:10:36:13,00:00:18:24,00:00:21:17,00:00:03:10,gettyimages-2150171727-640_adpp.mp4,,UNDLM_00126,,FALSE,,FALSE,FALSE,FALSE,FALSE,FALSE
127,,DEPART EN MER - 20H30-21H30 - NUIT AMERICAINE,00:10:36:13,00:10:43:11,00:00:00:00,00:00:05:13,00:00:06:23,gettyimages-2150321199-640_adpp.mp4,,UNDLM_00127,,FALSE,,FALSE,FALSE,FALSE,FALSE,FALSE
128,,DEPART EN MER - 20H30-21H30 - NUIT AMERICAINE,00:10:43:11,00:10:47:05,08:07:31:12,08:07:35:06,00:00:03:19,A215D035_250425C7_CANON.mov,,UNDLM_00128,,FALSE,,FALSE,FALSE,FALSE,FALSE,FALSE
129,,DEPART EN MER - 20H30-21H30 - NUIT AMERICAINE,00:10:47:05,00:10:50:00,08:23:16:01,08:23:18:21,00:00:02:20,A215D038_250425X5_CANON.mov,,UNDLM_00129,,FALSE,,FALSE,FALSE,FALSE,FALSE,FALSE
130,,DEPART EN MER - 20H30-21H30 - NUIT AMERICAINE,00:10:50:00,00:10:53:20,17:20:01:14,17:20:05:09,00:00:03:20,A210C875_250423FR_CANON.mov,Doublon,UNDLM_00130,,FALSE,,FALSE,FALSE,FALSE,FALSE,FALSE
131,,DEPART EN MER - 20H30-21H30 - NUIT AMERICAINE,00:10:53:20,00:10:59:18,17:27:14:13,17:27:20:11,00:00:05:23,20250423_ALPHA7SIII0992.mov,Doublon,UNDLM_00131,,FALSE,,FALSE,FALSE,FALSE,FALSE,FALSE
132,,DEPART EN MER - 20H30-21H30 - NUIT AMERICAINE,00:10:59:18,00:11:05:09,00:00:21:06,00:00:26:22,00:00:05:16,DJI_20250331145740_0017_D.mov,,UNDLM_00132,,FALSE,,FALSE,FALSE,FALSE,FALSE,FALSE
133,,DEPART EN MER - 20H30-21H30 - NUIT AMERICAINE,00:11:05:09,00:11:09:17,00:00:03:00,00:00:07:08,00:00:04:08,080593634-dark-clouds-floating-slowly-fr.mp4,,UNDLM_00133,EXT_NUIT_DENSITE_LIGHT,FALSE,,FALSE,FALSE,FALSE,FALSE,FALSE
134,,DEPART EN MER - 20H30-21H30 - NUIT AMERICAINE,00:11:09:17,00:11:17:24,00:01:47:04,00:01:55:11,00:00:08:07,DJI_0180.mov,,UNDLM_00134,EXT_NUIT_SOMBRE_MINUS_4,FALSE,TEST ETALO GRAPH,FALSE,FALSE,FALSE,FALSE,FALSE
135,,DEPART EN MER - 20H30-21H30 - NUIT AMERICAINE,00:11:17:24,00:11:21:16,08:28:05:05,08:28:08:22,00:00:03:17,A215D040_25042585_CANON.mov,Doublon,UNDLM_00135,EXT_NUIT_SOMBRE_SAT_MINUS_2,FALSE,TEST ETALO GRAPH,FALSE,FALSE,FALSE,FALSE,FALSE
136,,DEPART EN MER - 20H30-21H30 - NUIT AMERICAINE,00:11:21:16,00:11:26:18,07:57:03:11,07:57:08:13,00:00:05:02,A215D032_2504259M_CANON.mov,,UNDLM_00136,EXT_NUIT_SOMBRE_SAT_MINUS_2,FALSE,TEST ETALO GRAPH,FALSE,FALSE,FALSE,FALSE,FALSE
137,,DEPART EN MER - 20H30-21H30 - NUIT AMERICAINE,00:11:26:18,00:11:32:13,08:48:54:04,08:48:59:24,00:00:05:20,A215D045_2504259F_CANON.mov,,UNDLM_00137,EXT_NUIT_SOMBRE_SAT_MINUS_2,FALSE,TEST ETALO GRAPH,FALSE,FALSE,FALSE,FALSE,FALSE
138,,DEPART EN MER - 20H30-21H30 - NUIT AMERICAINE,00:11:32:13,00:11:44:17,00:00:00:00,00:00:08:08,00:00:12:04,gettyimages-1271902692-640_adpp.mp4,Doublon,UNDLM_00138,EXT_NUIT_FONCE,FALSE,TEST ETALO GRAPH,FALSE,FALSE,FALSE,FALSE,FALSE
139,,DEPART EN MER - 20H30-21H30 - NUIT AMERICAINE,00:11:44:17,00:11:48:10,08:10:51:23,08:10:55:16,00:00:03:18,A215D036_25042519_CANON.mov,Doublon,UNDLM_00139,EXT_NUIT_SOMBRE_SAT_MINUS_2,FALSE,TEST ETALO GRAPH,FALSE,FALSE,FALSE,FALSE,FALSE
140,,DEPART EN MER - 20H30-21H30 - NUIT AMERICAINE,00:11:48:10,00:11:53:00,08:29:50:17,08:29:55:07,00:00:04:15,A215D040_25042585_CANON.mov,Doublon,UNDLM_00140,EXT_NUIT_SOMBRE_SAT_MINUS_2,FALSE,TEST ETALO GRAPH,FALSE,FALSE,FALSE,FALSE,FALSE
141,,DEPART EN MER - 20H30-21H30 - NUIT AMERICAINE,00:11:53:00,00:11:55:11,08:11:01:06,08:11:03:17,00:00:02:11,A215D036_25042519_CANON.mov,Doublon,UNDLM_00141,EXT_NUIT_SOMBRE_SAT_MINUS_2,FALSE,TEST ETALO GRAPH,FALSE,FALSE,FALSE,FALSE,FALSE
142,,DEPART EN MER - 20H30-21H30 - NUIT AMERICAINE,00:11:55:11,00:11:59:04,08:31:15:14,08:31:19:07,00:00:03:18,A215D041_250425Q3_CANON.mov,Doublon,UNDLM_00142,EXT_NUIT_SOMBRE_SAT_MINUS_2,FALSE,TEST ETALO GRAPH,FALSE,FALSE,FALSE,FALSE,FALSE
143,,DEPART EN MER - 20H30-21H30 - NUIT AMERICAINE,,,,,,A213C970_2504243Q_CANON.mov,,UNDLM_00143,EXT_NUIT_SOMBRE_SAT_MINUS_2,FALSE,PLAN SUPPRIMÉ AU MONTAGE,FALSE,FALSE,FALSE,FALSE,FALSE
144,,DEPART EN MER - 20H30-21H30 - NUIT AMERICAINE,00:11:59:04,00:12:06:08,00:03:49:06,00:03:56:10,00:00:07:04,DJI_0179.mov,Doublon,UNDLM_00144,EXT_NUIT_SOMBRE_SAT_minus4,FALSE,TEST ETALO GRAPH,FALSE,FALSE,FALSE,FALSE,FALSE
145,,DEPART EN MER - 20H30-21H30 - NUIT AMERICAINE,00:12:06:08,00:12:14:14,00:00:00:13,00:00:04:16,00:00:08:06,gettyimages-1353230574-640_adpp.mp4,,UNDLM_00145,x,FALSE,TEST ETALO GRAPH,FALSE,FALSE,FALSE,FALSE,FALSE
146,,DEPART EN MER - 20H30-21H30 - NUIT AMERICAINE,00:12:14:14,00:12:24:14,08:53:00:11,08:53:10:11,00:00:10:00,A215D047_250425V3_CANON.mov,Doublon,UNDLM_00146,,FALSE,,FALSE,FALSE,FALSE,FALSE,FALSE
147,,DEPART EN MER - 20H30-21H30 - NUIT AMERICAINE,00:12:24:14,00:12:33:24,00:00:00:00,00:00:05:07,00:00:09:10,istockphoto-1726068932-640_adpp_is.mp4,,UNDLM_00147,,FALSE,,FALSE,FALSE,FALSE,FALSE,FALSE
148,,DEPART EN MER - 20H30-21H30 - NUIT AMERICAINE,00:12:33:24,00:12:41:19,08:05:08:14,08:05:16:09,00:00:07:20,A215D034_250425LT_CANON.mov,Doublon,UNDLM_00148,,FALSE,,FALSE,FALSE,FALSE,FALSE,FALSE
149,,DEPART EN MER - 20H30-21H30 - NUIT AMERICAINE,00:12:41:19,00:12:49:20,08:04:05:08,08:04:13:09,00:00:08:01,A215D034_250425LT_CANON.mov,Doublon,UNDLM_00149,,FALSE,,FALSE,FALSE,FALSE,FALSE,FALSE
150,,DEPART EN MER - 20H30-21H30 - NUIT AMERICAINE,00:12:49:20,00:12:54:01,08:05:27:10,08:05:31:16,00:00:04:06,A215D034_250425LT_CANON.mov,Doublon,UNDLM_00150,,FALSE,,FALSE,FALSE,FALSE,FALSE,FALSE
151,,DEPART EN MER - 20H30-21H30 - NUIT AMERICAINE,00:12:54:01,00:12:57:17,17:27:25:23,17:27:29:14,00:00:03:16,A210C878_250423BT_CANON.mov,Doublon,UNDLM_00151,,FALSE,,FALSE,FALSE,FALSE,FALSE,FALSE
152,,DEPART EN MER - 20H30-21H30 - NUIT AMERICAINE,00:12:57:17,00:13:07:12,08:05:37:08,08:05:47:03,00:00:09:20,A215D034_250425LT_CANON.mov,Doublon,UNDLM_00152,,FALSE,,FALSE,FALSE,FALSE,FALSE,FALSE
153,,DEPART EN MER - 20H30-21H30 - NUIT AMERICAINE,00:13:07:12,00:13:10:19,07:44:55:02,07:44:58:09,00:00:03:07,A215D021_250425J4_CANON.mov,,UNDLM_00153,,FALSE,,FALSE,FALSE,FALSE,FALSE,FALSE
154,,DEPART EN MER - 20H30-21H30 - NUIT AMERICAINE,00:13:10:19,00:13:14:15,07:45:33:20,07:45:37:16,00:00:03:21,A215D022_2504253I_CANON.mov,,UNDLM_00154,,FALSE,,FALSE,FALSE,FALSE,FALSE,FALSE
155,,DEPART EN MER - 20H30-21H30 - NUIT AMERICAINE,00:13:14:15,00:13:24:22,00:00:49:19,00:00:54:15,00:00:10:07,gettyimages-500744182-640_adpp.mp4,Doublon,UNDLM_00155,,FALSE,,FALSE,FALSE,FALSE,FALSE,FALSE
156,,DEPART EN MER - 20H30-21H30 - NUIT AMERICAINE,00:13:24:22,00:13:26:17,16:24:30:09,16:24:32:04,00:00:01:20,20250423_ALPHA7SIII0976.mov,Doublon,UNDLM_00156,,FALSE,,FALSE,FALSE,FALSE,FALSE,FALSE
157,,DEPART EN MER - 20H30-21H30 - NUIT AMERICAINE,00:13:26:17,00:13:29:17,17:20:05:01,17:20:08:01,00:00:03:00,A210C875_250423FR_CANON.mov,Doublon,UNDLM_00157,,FALSE,,FALSE,FALSE,FALSE,FALSE,FALSE
158,,DEPART EN MER - 20H30-21H30 - NUIT AMERICAINE,00:13:29:17,00:13:33:20,16:24:35:04,16:24:39:07,00:00:04:03,20250423_ALPHA7SIII0976.mov,Doublon,UNDLM_00158,,FALSE,,FALSE,FALSE,FALSE,FALSE,FALSE
159,,DEPART EN MER - 20H30-21H30 - NUIT AMERICAINE,00:13:33:20,00:13:42:24,00:00:15:15,00:00:24:19,00:00:09:04,gettyimages-1942803038-640_adpp.mp4,Doublon,UNDLM_00159,,FALSE,,FALSE,FALSE,FALSE,FALSE,FALSE
160,,DEPART EN MER - 20H30-21H30 - NUIT AMERICAINE,00:13:42:24,00:13:49:02,07:52:11:17,07:52:17:20,00:00:06:03,A215D030_250425B2_CANON.mov,Doublon,UNDLM_00160,,FALSE,,FALSE,FALSE,FALSE,FALSE,FALSE
161,,DEPART EN MER - 20H30-21H30 - NUIT AMERICAINE,00:13:49:02,00:13:52:15,08:53:33:12,08:53:37:00,00:00:03:13,A215D047_250425V3_CANON.mov,Doublon,UNDLM_00161,,FALSE,,FALSE,FALSE,FALSE,FALSE,FALSE
162,,DEPART EN MER - 20H30-21H30 - NUIT AMERICAINE,00:13:52:15,00:14:00:24,07:52:11:17,07:52:20:00,00:00:08:09,A215D030_250425B2_CANON.mov,Doublon,UNDLM_00162,,FALSE,,FALSE,FALSE,FALSE,FALSE,FALSE
163,,DEPART EN MER - 20H30-21H30 - NUIT AMERICAINE,00:14:00:24,00:14:11:15,08:54:05:09,08:54:16:00,00:00:10:16,A215D047_250425V3_CANON.mov,Doublon,UNDLM_00163,,FALSE,,FALSE,FALSE,FALSE,FALSE,FALSE
164,,DEPART EN MER - 20H30-21H30 - NUIT AMERICAINE,00:14:11:15,00:14:20:19,07:51:23:03,07:51:32:07,00:00:09:04,A215D030_250425B2_CANON.mov,Doublon,UNDLM_00164,,FALSE,,FALSE,FALSE,FALSE,FALSE,FALSE
165,,ARRIVEE CROSS - EXT.NUIT AMERICAINE,00:14:20:19,00:14:25:22,23:00:22:12,23:00:27:15,00:00:05:03,A_0002C249X250401_220544TR_UNDLM.mov,Doublon,UNDLM_00165,,FALSE,,FALSE,FALSE,FALSE,FALSE,FALSE
166,,ARRIVEE CROSS - EXT.NUIT AMERICAINE,00:14:25:22,00:14:37:04,22:22:46:17,22:22:57:24,00:00:11:07,A_0002C233X250401_212801FT_UNDLM.mov,,UNDLM_00166,,FALSE,,FALSE,FALSE,FALSE,FALSE,FALSE
167,,ARRIVEE CROSS - EXT.NUIT AMERICAINE,00:14:37:04,00:14:41:18,22:31:39:12,22:31:44:01,00:00:04:14,A_0002C241X250401_213650KE_UNDLM.mov,,UNDLM_00167,,FALSE,,FALSE,FALSE,FALSE,FALSE,FALSE
168,,ARRIVEE CROSS - EXT.NUIT AMERICAINE,00:14:41:18,00:14:45:02,22:29:49:19,22:29:53:03,00:00:03:09,A_0002C239X250401_213453SH_UNDLM.mov,,UNDLM_00168,,FALSE,,FALSE,FALSE,FALSE,FALSE,FALSE
169,,ARRIVEE CROSS - EXT.NUIT AMERICAINE,00:14:45:02,00:14:50:06,23:01:31:00,23:01:36:04,00:00:05:04,A_0002C249X250401_220544TR_UNDLM.mov,Doublon,UNDLM_00169,,FALSE,,FALSE,FALSE,FALSE,FALSE,FALSE
170,,ARRIVEE CROSS - EXT.NUIT AMERICAINE,00:14:50:06,00:14:56:00,22:54:53:08,22:54:59:02,00:00:05:19,A_0002C245X250401_21590418_UNDLM.mov,,UNDLM_00170,,FALSE,,FALSE,FALSE,FALSE,FALSE,FALSE
171,,ARRIVEE CROSS - EXT.NUIT AMERICAINE,00:14:56:00,00:15:03:20,21:13:58:16,21:14:06:11,00:00:07:20,A_0002C214X250401_201908TI_UNDLM.mov,Doublon,UNDLM_00171,,FALSE,,FALSE,FALSE,FALSE,FALSE,FALSE
172,,ARRIVEE CROSS - EXT.NUIT AMERICAINE,00:15:03:20,00:15:10:13,21:26:18:20,21:26:25:13,00:00:06:18,A_0002C219X250401_203122RI_UNDLM.mov,,UNDLM_00172,,FALSE,,FALSE,FALSE,FALSE,FALSE,FALSE
173,,ARRIVEE CROSS - EXT.NUIT AMERICAINE,00:15:10:13,00:15:19:06,21:45:19:10,21:45:28:03,00:00:08:18,A_0002C220X250401_2049490P_UNDLM.mov,,UNDLM_00173,,FALSE,,FALSE,FALSE,FALSE,FALSE,FALSE
174,,ARRIVEE CROSS - EXT.NUIT AMERICAINE,00:15:19:06,00:15:23:07,22:02:07:10,22:02:11:11,00:00:04:01,A_0002C227X250401_2107239L_UNDLM.mov,,UNDLM_00174,,FALSE,,FALSE,FALSE,FALSE,FALSE,FALSE
175,,ARRIVEE CROSS - EXT.NUIT AMERICAINE,00:15:23:07,00:15:28:01,21:14:44:24,21:14:49:18,00:00:04:19,A_0002C214X250401_201908TI_UNDLM.mov,Doublon,UNDLM_00175,,FALSE,,FALSE,FALSE,FALSE,FALSE,FALSE
176,,CROSS INTERIEUR - NUIT,00:15:28:01,00:15:36:01,11:20:17:02,11:20:25:02,00:00:08:00,LAU-001-1525.mov,Doublon,UNDLM_00176,,FALSE,,FALSE,FALSE,FALSE,FALSE,FALSE
177,,CROSS INTERIEUR - NUIT,00:15:36:01,00:15:40:12,21:07:48:11,21:07:52:22,00:00:04:11,C1173.mov,Doublon,UNDLM_00177,,FALSE,,FALSE,FALSE,FALSE,FALSE,FALSE
178,,DEBUT NAUFRAGE MER - 00H35 - NUIT AMERICAINE,00:15:40:12,00:15:54:03,00:00:00:18,00:00:02:16,00:00:13:15,gettyimages-1271902692-640_adpp.mp4,Doublon,UNDLM_00178,,FALSE,,FALSE,FALSE,FALSE,FALSE,FALSE
179,,DEBUT NAUFRAGE MER - 00H35 - NUIT AMERICAINE,00:15:54:03,00:15:59:08,17:19:20:00,17:19:21:00,00:00:05:05,20250423_ALPHA7SIII0988.mov,Doublon,UNDLM_00179,,FALSE,,FALSE,FALSE,FALSE,FALSE,FALSE
180,,DEBUT NAUFRAGE MER - 00H35 - NUIT AMERICAINE,00:15:59:08,00:16:02:05,09:14:33:11,09:14:36:08,00:00:02:22,A216D062_250425MO_CANON.mov,Doublon,UNDLM_00180,,FALSE,,FALSE,FALSE,FALSE,FALSE,FALSE
181,,DEBUT NAUFRAGE MER - 00H35 - NUIT AMERICAINE,00:16:02:05,00:16:05:20,17:27:32:20,17:27:36:10,00:00:03:15,A210C878_250423BT_CANON.mov,Doublon,UNDLM_00181,,FALSE,,FALSE,FALSE,FALSE,FALSE,FALSE
182,,DEBUT NAUFRAGE MER - 00H35 - NUIT AMERICAINE,00:16:05:20,00:16:08:19,09:14:21:23,09:14:24:22,00:00:02:24,A216D062_250425MO_CANON.mov,Doublon,UNDLM_00182,,FALSE,,FALSE,FALSE,FALSE,FALSE,FALSE
183,,DEBUT NAUFRAGE MER - 00H35 - NUIT AMERICAINE,00:16:08:19,00:16:11:17,17:27:39:11,17:27:42:09,00:00:02:23,20250423_ALPHA7SIII0992.mov,Doublon,UNDLM_00183,,FALSE,,FALSE,FALSE,FALSE,FALSE,FALSE
184,,DEBUT NAUFRAGE MER - 00H35 - NUIT AMERICAINE,00:16:11:17,00:16:16:19,00:20:14:13,00:20:19:15,00:00:05:02,douvres-lexil-sans-fin---documentaire-complet---inédit---lcp-assemblée-nationale---calais.mp4,Doublon,UNDLM_00184,,FALSE,,FALSE,FALSE,FALSE,FALSE,FALSE
185,,DEBUT NAUFRAGE MER - 00H35 - NUIT AMERICAINE,00:16:16:19,00:16:22:11,00:20:19:15,00:20:25:07,00:00:05:17,douvres-lexil-sans-fin---documentaire-complet---inédit---lcp-assemblée-nationale---calais.mp4,Doublon,UNDLM_00185,,FALSE,,FALSE,FALSE,FALSE,FALSE,FALSE
186,,DEBUT NAUFRAGE MER - 00H35 - NUIT AMERICAINE,00:16:22:11,00:16:28:17,08:30:23:21,08:30:30:02,00:00:06:06,A215D040_25042585_CANON.mov,Doublon,UNDLM_00186,,FALSE,,FALSE,FALSE,FALSE,FALSE,FALSE
187,,DEBUT NAUFRAGE MER - 00H35 - NUIT AMERICAINE,00:16:28:17,00:16:31:18,00:02:22:14,00:02:25:15,00:00:03:01,AFP__20220319__326H242__v2__MockupMP4640x360MARKED__MigrantsOnBoardTheAbeilleLangued.mov,Doublon,UNDLM_00187,,FALSE,,FALSE,FALSE,FALSE,FALSE,FALSE
188,,DEBUT NAUFRAGE MER - 00H35 - NUIT AMERICAINE,00:16:31:18,00:16:36:04,16:58:00:13,16:58:04:24,00:00:04:11,A210C868_2504235G_CANON.mov,,UNDLM_00188,,FALSE,,FALSE,FALSE,FALSE,FALSE,FALSE
189,,DEBUT NAUFRAGE MER - 00H35 - NUIT AMERICAINE,00:16:36:04,00:16:40:18,12:22:59:15,12:23:04:04,00:00:04:14,20250423_ALPHA7SIII0955.mov,,UNDLM_00189,,FALSE,,FALSE,FALSE,FALSE,FALSE,FALSE
190,,DEBUT NAUFRAGE MER - 00H35 - NUIT AMERICAINE,00:16:40:18,00:16:46:14,12:23:35:20,12:23:41:16,00:00:05:21,20250423_ALPHA7SIII0956.mov,,UNDLM_00190,,FALSE,,FALSE,FALSE,FALSE,FALSE,FALSE
191,,EXT CROSS - NUIT AMERICAINE,00:16:46:14,00:16:53:24,00:00:06:06,00:00:13:16,00:00:07:10,DJI_20250401112227_0092_D.mov,,UNDLM_00191,,FALSE,,FALSE,FALSE,FALSE,FALSE,FALSE
192,,EXT CROSS - NUIT AMERICAINE,00:16:53:24,00:16:59:09,00:00:03:15,00:00:09:00,00:00:05:10,DJI_20250401115038_0105_D.mov,,UNDLM_00192,,FALSE,,FALSE,FALSE,FALSE,FALSE,FALSE
193,,CROSS INTERIEUR - NUIT,00:16:59:09,00:17:04:19,21:08:05:19,21:08:08:04,00:00:05:10,C1173.mov,Doublon,UNDLM_00193,,FALSE,,FALSE,FALSE,FALSE,FALSE,FALSE
194,,CROSS INTERIEUR - NUIT,00:17:04:19,00:17:15:03,14:34:43:14,14:34:53:20,00:00:10:09,LAU-001-1491.mov,,UNDLM_00194,,FALSE,,FALSE,FALSE,FALSE,FALSE,FALSE
195,,CROSS INTERIEUR - NUIT,00:17:15:03,00:17:27:23,14:49:12:22,14:49:25:17,00:00:12:20,LAU-001-1493.mov,Doublon,UNDLM_00195,,FALSE,,FALSE,FALSE,FALSE,FALSE,FALSE
196,,CROSS INTERIEUR - NUIT,00:17:27:23,00:17:31:18,21:22:54:10,21:22:58:05,00:00:03:20,C1175.mov,,UNDLM_00196,,FALSE,,FALSE,FALSE,FALSE,FALSE,FALSE
197,,CROSS INTERIEUR - NUIT,00:17:31:18,00:17:37:23,14:49:33:15,14:49:39:20,00:00:06:05,LAU-001-1493.mov,Doublon,UNDLM_00197,,FALSE,,FALSE,FALSE,FALSE,FALSE,FALSE
198,,CROSS INTERIEUR - NUIT,00:17:37:23,00:17:43:15,21:11:49:08,21:11:55:00,00:00:05:17,C1174.mov,Doublon,UNDLM_00198,,FALSE,,FALSE,FALSE,FALSE,FALSE,FALSE
199,,CROSS INTERIEUR - NUIT,00:17:43:15,00:17:48:13,14:49:49:11,14:49:54:09,00:00:04:23,LAU-001-1493.mov,Doublon,UNDLM_00199,,FALSE,,FALSE,FALSE,FALSE,FALSE,FALSE
200,,CROSS INTERIEUR - NUIT,00:17:48:13,00:17:50:18,15:11:05:21,15:11:08:01,00:00:02:05,LAU-001-1495.mov,Doublon,UNDLM_00200,,FALSE,,FALSE,FALSE,FALSE,FALSE,FALSE
201,,CROSS INTERIEUR - NUIT,00:17:50:18,00:17:54:22,15:07:26:06,15:07:30:10,00:00:04:04,LAU-001-1495.mov,Doublon,UNDLM_00201,,FALSE,,FALSE,FALSE,FALSE,FALSE,FALSE
202,,CROSS INTERIEUR - NUIT,00:17:54:22,00:18:01:06,15:19:06:13,15:19:17:20,00:00:11:07,LAU-001-1497.mov,,UNDLM_00202,,FALSE,,FALSE,FALSE,FALSE,FALSE,FALSE
203,,APPEL A MER - 00H51 - NUIT AMERICAINE,00:18:06:04,00:18:15:01,00:00:15:15,00:00:24:12,00:00:08:22,gettyimages-1942803038-640_adpp.mp4,Doublon,UNDLM_00203,,FALSE,,FALSE,FALSE,FALSE,FALSE,FALSE
204,,APPEL A MER - 00H51 - NUIT AMERICAINE,00:18:15:01,00:18:19:03,17:31:04:10,17:31:08:12,00:00:04:02,20250423_ALPHA7SIII0993.mov,,UNDLM_00204,,FALSE,,FALSE,FALSE,FALSE,FALSE,FALSE
205,,APPEL A MER - 00H51 - NUIT AMERICAINE,00:18:19:03,00:18:29:16,08:44:07:03,08:44:17:16,00:00:10:13,A215D044_250425D9_CANON.mov,,UNDLM_00205,,FALSE,,FALSE,FALSE,FALSE,FALSE,FALSE
206,,APPEL A MER - 00H51 - NUIT AMERICAINE,00:18:29:16,00:18:33:14,12:17:40:08,12:17:44:06,00:00:03:23,039A4523.mov,,UNDLM_00206,,FALSE,,FALSE,FALSE,FALSE,FALSE,FALSE
207,,APPEL A MER - 00H51 - NUIT AMERICAINE,00:18:33:14,00:18:37:07,16:58:34:00,16:58:37:18,00:00:03:18,A210C869_250423HU_CANON.mov,,UNDLM_00207,,FALSE,,FALSE,FALSE,FALSE,FALSE,FALSE
208,,APPEL A MER - 00H51 - NUIT AMERICAINE,00:18:37:07,00:19:03:18,00:00:49:19,00:00:54:15,00:00:26:11,gettyimages-500744182-640_adpp.mp4,Doublon,UNDLM_00208,,FALSE,,FALSE,FALSE,FALSE,FALSE,FALSE
209,,APPEL A MER - 00H51 - NUIT AMERICAINE,00:19:03:18,00:19:08:08,16:24:30:09,16:24:34:24,00:00:04:15,20250423_ALPHA7SIII0976.mov,Doublon,UNDLM_00209,,FALSE,,FALSE,FALSE,FALSE,FALSE,FALSE
210,,APPEL A MER - 00H51 - NUIT AMERICAINE,00:19:08:08,00:19:13:02,00:00:49:21,00:00:54:15,00:00:04:19,gettyimages-500744182-640_adpp.mp4,Doublon,UNDLM_00210,,FALSE,,FALSE,FALSE,FALSE,FALSE,FALSE
211,,APPEL A MER - 00H51 - NUIT AMERICAINE,00:19:13:02,00:19:25:01,00:00:13:16,00:00:25:15,00:00:11:24,DJI_0014.mov,,UNDLM_00211,,FALSE,,FALSE,FALSE,FALSE,FALSE,FALSE
212,,CROSS INTERIEUR - NUIT,00:19:25:01,00:19:32:13,22:10:48:24,22:10:56:11,00:00:07:12,C1178.mov,Doublon,UNDLM_00212,,FALSE,,FALSE,FALSE,FALSE,FALSE,FALSE
213,,CROSS INTERIEUR - NUIT,00:19:32:13,00:19:42:12,15:46:59:06,15:47:09:05,00:00:09:24,LAU-001-1499.mov,Doublon,UNDLM_00213,,FALSE,,FALSE,FALSE,FALSE,FALSE,FALSE
214,,CROSS INTERIEUR - NUIT,00:19:42:12,00:19:46:15,21:08:24:24,21:08:29:01,00:00:04:03,C1173.mov,Doublon,UNDLM_00214,,FALSE,,FALSE,FALSE,FALSE,FALSE,FALSE
215,,CROSS INTERIEUR - NUIT,00:19:46:15,00:19:54:11,15:47:13:08,15:47:21:04,00:00:07:21,LAU-001-1499.mov,Doublon,UNDLM_00215,,FALSE,,FALSE,FALSE,FALSE,FALSE,FALSE
216,,CROSS INTERIEUR - NUIT,00:19:54:11,00:20:00:24,22:20:48:17,22:20:55:05,00:00:06:13,C1179.mov,,UNDLM_00216,,FALSE,,FALSE,FALSE,FALSE,FALSE,FALSE
217,,APPEL 1 MER - 00H51 - NUIT AMERICAINE,00:20:00:24,00:20:11:18,12:26:05:17,12:26:16:11,00:00:10:19,A209C807_250423Z8_CANON.mov,Doublon,UNDLM_00217,,FALSE,,FALSE,FALSE,FALSE,FALSE,FALSE
218,,APPEL 1 MER - 00H51 - NUIT AMERICAINE,00:20:11:18,00:20:13:19,12:19:34:00,12:19:36:01,00:00:02:01,20250423_ALPHA7SIII0953.mov,Doublon,UNDLM_00218,,FALSE,,FALSE,FALSE,FALSE,FALSE,FALSE
219,,APPEL 1 MER - 00H51 - NUIT AMERICAINE,00:20:13:19,00:20:15:23,12:20:29:15,12:20:31:19,00:00:02:04,A209C804_250423GQ_CANON.mov,Doublon,UNDLM_00219,,FALSE,,FALSE,FALSE,FALSE,FALSE,FALSE
220,,APPEL 1 MER - 00H51 - NUIT AMERICAINE,00:20:15:23,00:20:18:04,12:25:23:09,12:25:25:15,00:00:02:06,20250423_ALPHA7SIII0958.mov,Doublon,UNDLM_00220,,FALSE,,FALSE,FALSE,FALSE,FALSE,FALSE
221,,APPEL 1 MER - 00H51 - NUIT AMERICAINE,00:20:18:04,00:20:20:19,12:19:55:19,12:19:58:09,00:00:02:15,20250423_ALPHA7SIII0953.mov,Doublon,UNDLM_00221,,FALSE,,FALSE,FALSE,FALSE,FALSE,FALSE
222,,APPEL 1 MER - 00H51 - NUIT AMERICAINE,00:20:20:19,00:20:27:01,12:20:46:02,12:20:52:09,00:00:06:07,A209C804_250423GQ_CANON.mov,Doublon,UNDLM_00222,,FALSE,,FALSE,FALSE,FALSE,FALSE,FALSE
223,,APPEL 1 MER - 00H51 - NUIT AMERICAINE,00:20:27:01,00:20:30:04,12:25:44:18,12:25:47:21,00:00:03:03,20250423_ALPHA7SIII0958.mov,Doublon,UNDLM_00223,,FALSE,,FALSE,FALSE,FALSE,FALSE,FALSE
224,,APPEL 1 MER - 00H51 - NUIT AMERICAINE,00:20:30:04,00:20:33:09,12:27:12:01,12:27:15:06,00:00:03:05,A209C807_250423Z8_CANON.mov,Doublon,UNDLM_00224,,FALSE,,FALSE,FALSE,FALSE,FALSE,FALSE
225,,APPEL 1 MER - 00H51 - NUIT AMERICAINE,00:20:33:09,00:20:38:01,13:15:36:13,13:15:41:05,00:00:04:17,A209C835_250423F4_CANON.mov,,UNDLM_00225,,FALSE,,FALSE,FALSE,FALSE,FALSE,FALSE
226,,APPEL 1 MER - 00H51 - NUIT AMERICAINE,00:20:38:01,00:20:39:11,12:21:15:20,12:21:17:05,00:00:01:10,A209C804_250423GQ_CANON.mov,Doublon,UNDLM_00226,,FALSE,,FALSE,FALSE,FALSE,FALSE,FALSE
227,,APPEL 1 MER - 00H51 - NUIT AMERICAINE,00:20:39:11,00:20:46:11,14:57:55:23,14:58:02:22,00:00:07:00,039A4561.mov,Doublon,UNDLM_00227,,FALSE,,FALSE,FALSE,FALSE,FALSE,FALSE
228,,APPEL 1 MER - 00H51 - NUIT AMERICAINE,00:20:46:11,00:20:52:20,12:20:29:15,12:20:31:18,00:00:06:09,A209C804_250423GQ_CANON.mov,Doublon,UNDLM_00228,,FALSE,,FALSE,FALSE,FALSE,FALSE,FALSE
229,,APPEL 1 MER - 00H51 - NUIT AMERICAINE,00:20:52:20,00:20:54:01,12:20:55:04,12:20:56:10,00:00:01:06,20250423_ALPHA7SIII0953.mov,Doublon,UNDLM_00229,,FALSE,,FALSE,FALSE,FALSE,FALSE,FALSE
230,,APPEL 1 MER - 00H51 - NUIT AMERICAINE,00:20:54:01,00:20:55:23,12:21:41:15,12:21:43:12,00:00:01:22,A209C804_250423GQ_CANON.mov,Doublon,UNDLM_00230,,FALSE,,FALSE,FALSE,FALSE,FALSE,FALSE
231,,APPEL 1 MER - 00H51 - NUIT AMERICAINE,00:20:55:23,00:20:59:10,12:51:19:22,12:51:23:09,00:00:03:12,A209C821_2504237G_CANON.mov,,UNDLM_00231,,FALSE,,FALSE,FALSE,FALSE,FALSE,FALSE
232,,APPEL 1 MER - 00H51 - NUIT AMERICAINE,00:20:59:10,00:21:02:24,16:26:25:09,16:26:28:23,00:00:03:14,A210C850_2504233S_CANON.mov,,UNDLM_00232,,FALSE,,FALSE,FALSE,FALSE,FALSE,FALSE
233,,APPEL 1 MER - 00H51 - NUIT AMERICAINE,00:21:02:24,00:21:06:04,12:21:59:04,12:22:02:09,00:00:03:05,A209C804_250423GQ_CANON.mov,Doublon,UNDLM_00233,,FALSE,,FALSE,FALSE,FALSE,FALSE,FALSE
234,,APPEL 1 MER - 00H51 - NUIT AMERICAINE,00:21:06:04,00:21:23:21,13:11:24:18,13:11:42:10,00:00:17:17,A217D111_250425K1_CANON.mov,Doublon,UNDLM_00234,,FALSE,,FALSE,FALSE,FALSE,FALSE,FALSE
235,,APPEL 1 MER - 00H51 - NUIT AMERICAINE,00:21:23:21,00:21:28:18,12:20:29:15,12:20:31:18,00:00:04:22,A209C804_250423GQ_CANON.mov,Doublon,UNDLM_00235,,FALSE,,FALSE,FALSE,FALSE,FALSE,FALSE
236,,APPEL 1 MER - 00H51 - NUIT AMERICAINE,00:21:28:18,00:21:32:10,12:27:22:08,12:27:26:00,00:00:03:17,20250423_ALPHA7SIII0958.mov,Doublon,UNDLM_00236,,FALSE,,FALSE,FALSE,FALSE,FALSE,FALSE
237,,APPEL 1 MER - 00H51 - NUIT AMERICAINE,00:21:32:10,00:21:33:22,12:22:32:17,12:22:34:04,00:00:01:12,A209C804_250423GQ_CANON.mov,Doublon,UNDLM_00237,,FALSE,,FALSE,FALSE,FALSE,FALSE,FALSE
238,,APPEL 1 MER - 00H51 - NUIT AMERICAINE,00:21:33:22,00:21:38:00,16:28:05:22,16:28:10:00,00:00:04:03,A210C851_250423OM_CANON.mov,,UNDLM_00238,,FALSE,,FALSE,FALSE,FALSE,FALSE,FALSE
239,,APPEL 1 MER - 00H51 - NUIT AMERICAINE,00:21:38:00,00:21:42:20,12:20:29:15,12:20:31:18,00:00:04:20,A209C804_250423GQ_CANON.mov,Doublon,UNDLM_00239,,FALSE,,FALSE,FALSE,FALSE,FALSE,FALSE
240,,CROSS INTERIEUR - NUIT,00:21:42:20,00:21:49:09,13:11:35:21,13:11:42:09,00:00:03:01,A217D111_250425K1_CANON.mov,Doublon,UNDLM_00240,,FALSE,,FALSE,FALSE,FALSE,FALSE,FALSE
241,,CROSS INTERIEUR - NUIT,,,17:19:48:13,17:19:49:12,,LAU-001-1507.mov,Doublon,UNDLM_00241,,FALSE,PLAN SUPPRIMÉ AU MONTAGE,FALSE,FALSE,FALSE,FALSE,FALSE
242,,FIN APPEL 1 MER - 00H51 - NUIT AMERICAINE,00:21:49:09,00:21:51:18,12:19:34:00,12:19:36:09,00:00:02:09,20250423_ALPHA7SIII0953.mov,Doublon,UNDLM_00242,,FALSE,,FALSE,FALSE,FALSE,FALSE,FALSE
243,,FIN APPEL 1 MER - 00H51 - NUIT AMERICAINE,00:21:51:18,00:21:53:10,12:23:00:11,12:23:02:03,00:00:01:17,A209C804_250423GQ_CANON.mov,Doublon,UNDLM_00243,,FALSE,,FALSE,FALSE,FALSE,FALSE,FALSE
244,,FIN APPEL 1 MER - 00H51 - NUIT AMERICAINE,00:21:53:10,00:21:55:21,12:22:03:14,12:22:06:00,00:00:02:11,20250423_ALPHA7SIII0953.mov,Doublon,UNDLM_00244,,FALSE,,FALSE,FALSE,FALSE,FALSE,FALSE
245,,FIN APPEL 1 MER - 00H51 - NUIT AMERICAINE,00:21:55:21,00:21:59:13,12:23:10:21,12:23:14:13,00:00:03:17,A209C804_250423GQ_CANON.mov,Doublon,UNDLM_00245,,FALSE,,FALSE,FALSE,FALSE,FALSE,FALSE
246,,FIN APPEL 1 MER - 00H51 - NUIT AMERICAINE,00:21:59:13,00:22:01:14,12:28:02:06,12:28:04:07,00:00:02:01,20250423_ALPHA7SIII0958.mov,Doublon,UNDLM_00246,,FALSE,,FALSE,FALSE,FALSE,FALSE,FALSE
247,,FIN APPEL 1 MER - 00H51 - NUIT AMERICAINE,00:22:01:14,00:22:05:05,12:28:57:07,12:29:00:23,00:00:03:16,A209C807_250423Z8_CANON.mov,Doublon,UNDLM_00247,,FALSE,,FALSE,FALSE,FALSE,FALSE,FALSE
248,,FIN APPEL 1 MER - 00H51 - NUIT AMERICAINE,00:22:05:05,00:22:09:23,00:00:43:06,00:00:47:24,00:00:04:18,DJI_0179.mov,Doublon,UNDLM_00248,,FALSE,,FALSE,FALSE,FALSE,FALSE,FALSE
249,,EXT CROSS - NUIT AMERICAINE,00:22:09:23,00:22:14:16,00:00:00:00,00:00:04:17,00:00:04:18,090812906-4k-real-time-full-moon-cloudy-.mp4,,UNDLM_00249,,FALSE,,FALSE,FALSE,FALSE,FALSE,FALSE
250,,EXT CROSS - NUIT AMERICAINE,00:22:14:16,00:22:25:15,21:18:28:11,21:18:39:10,00:00:10:24,A_0002C216X250401_202339BD_UNDLM.mov,,UNDLM_00250,,FALSE,,FALSE,FALSE,FALSE,FALSE,FALSE
251,,CROSS INTERIEUR - NUIT,00:22:25:15,00:22:36:18,22:47:55:12,22:48:06:15,00:00:11:03,C1185.mov,,UNDLM_00251,,FALSE,,FALSE,FALSE,FALSE,FALSE,FALSE
252,,CROSS INTERIEUR - NUIT,00:22:36:18,00:22:49:18,16:14:41:06,16:14:54:06,00:00:13:00,LAU-001-1500.mov,Doublon,UNDLM_00252,,FALSE,,FALSE,FALSE,FALSE,FALSE,FALSE
253,,CROSS INTERIEUR - NUIT,00:22:49:18,00:23:00:09,16:37:20:07,16:37:30:23,00:00:10:16,LAU-001-1503.mov,Doublon,UNDLM_00253,,FALSE,,FALSE,FALSE,FALSE,FALSE,FALSE
254,,CROSS INTERIEUR - NUIT,00:23:00:09,00:23:08:19,16:22:05:19,16:22:14:04,00:00:08:10,LAU-001-1501.mov,,UNDLM_00254,,FALSE,,FALSE,FALSE,FALSE,FALSE,FALSE
255,,CROSS INTERIEUR - NUIT,00:23:08:19,00:23:12:07,01:00:00:00,01:00:03:12,00:00:03:13,Transition bateau_4.jpg,Doublon,UNDLM_00255,,FALSE,,FALSE,FALSE,FALSE,FALSE,FALSE
256,,CROSS INTERIEUR - NUIT,00:23:12:07,00:23:13:23,16:15:16:21,16:15:18:12,00:00:01:16,LAU-001-1500.mov,Doublon,UNDLM_00256,,FALSE,,FALSE,FALSE,FALSE,FALSE,FALSE
257,,CROSS INTERIEUR - NUIT,00:23:13:23,00:23:18:19,16:37:37:20,16:37:42:16,00:00:04:21,LAU-001-1503.mov,Doublon,UNDLM_00257,,FALSE,,FALSE,FALSE,FALSE,FALSE,FALSE
258,,EXT CROSS - NUIT AMERICAINE,00:23:18:19,00:23:29:04,18:03:27:13,18:03:37:23,00:00:10:10,A_0002C173X250401_170839RL_UNDLM.mov,Doublon,UNDLM_00258,,FALSE,,FALSE,FALSE,FALSE,FALSE,FALSE
259,,CROSS INTERIEUR - NUIT,00:23:29:04,00:23:38:01,00:00:50:14,00:00:59:11,00:00:08:22,AFP__20220317__326B2Z2__v1__MockupMP4640x360MARKED__AuCrossGrisNezLeSamuDeLaMerPourL.mov,Doublon,UNDLM_00259,,FALSE,,FALSE,FALSE,FALSE,FALSE,FALSE
260,,CROSS INTERIEUR - NUIT,00:23:38:01,00:23:41:03,00:02:36:07,00:02:39:09,00:00:03:02,AFP__20220317__326B2Z2__v1__MockupMP4640x360MARKED__AuCrossGrisNezLeSamuDeLaMerPourL.mov,Doublon,UNDLM_00260,,FALSE,,FALSE,FALSE,FALSE,FALSE,FALSE
261,,CROSS INTERIEUR - NUIT,00:23:41:03,00:23:47:04,00:01:25:02,00:01:31:03,00:00:06:01,AFP__20220317__326B2Z2__v1__MockupMP4640x360MARKED__AuCrossGrisNezLeSamuDeLaMerPourL.mov,Doublon,UNDLM_00261,,FALSE,,FALSE,FALSE,FALSE,FALSE,FALSE
262,,CROSS INTERIEUR - NUIT,00:23:47:04,00:24:04:03,17:05:54:11,17:06:11:10,00:00:16:24,LAU-001-1506.mov,,UNDLM_00262,,FALSE,,FALSE,FALSE,FALSE,FALSE,FALSE
263,,CROSS INTERIEUR - NUIT,00:24:04:03,00:24:18:24,17:19:35:20,17:19:50:16,00:00:14:21,LAU-001-1507.mov,Doublon,UNDLM_00263,,FALSE,,FALSE,FALSE,FALSE,FALSE,FALSE
264,,CROSS INTERIEUR - NUIT,00:24:18:24,00:24:22:11,00:59:59:19,01:00:03:06,00:00:03:12,Transition bateau_2.jpg,,UNDLM_00264,,FALSE,Fondu enchainé au montage / Dis-moi si tu as besoin de poignées,FALSE,FALSE,FALSE,FALSE,FALSE
265,,CROSS INTERIEUR - NUIT,00:24:22:11,00:24:25:20,01:00:00:00,01:00:03:09,00:00:03:09,Transition bateau_3.jpg,,UNDLM_00265,,FALSE,Fondu enchainé au montage / Dis-moi si tu as besoin de poignées,FALSE,FALSE,FALSE,FALSE,FALSE
266,,CROSS INTERIEUR - NUIT,00:24:25:20,00:24:28:21,01:00:00:00,01:00:03:01,00:00:03:01,Transition bateau_4.jpg,Doublon,UNDLM_00266,,FALSE,Fondu enchainé au montage / Dis-moi si tu as besoin de poignées,FALSE,FALSE,FALSE,FALSE,FALSE
267,,CROSS INTERIEUR - NUIT,00:24:28:21,00:24:33:14,01:00:00:00,01:00:04:18,00:00:04:18,Transition bateau_5.jpg,Doublon,UNDLM_00267,,FALSE,Fondu enchainé au montage / Dis-moi si tu as besoin de poignées,FALSE,FALSE,FALSE,FALSE,FALSE
268,,EN MER (LUMIERE TEL) - NUIT AMERICAINE,00:24:33:14,00:24:43:12,00:01:52:20,00:02:02:18,00:00:09:23,DJI_0015.mov,Doublon,UNDLM_00268,,FALSE,Fondu enchainé au montage / Dis-moi si tu as besoin de poignées,FALSE,FALSE,FALSE,FALSE,FALSE
269,,EN MER (LUMIERE TEL) - NUIT AMERICAINE,00:24:43:12,00:24:46:02,16:13:37:10,16:13:40:00,00:00:02:15,A209C847_250423Z3_CANON.mov,Doublon,UNDLM_00269,,FALSE,,FALSE,FALSE,FALSE,FALSE,FALSE
270,,EN MER (LUMIERE TEL) - NUIT AMERICAINE,00:24:46:02,00:24:51:21,16:14:07:18,16:14:13:12,00:00:05:19,A209C847_250423Z3_CANON.mov,Doublon,UNDLM_00270,,FALSE,,FALSE,FALSE,FALSE,FALSE,FALSE
271,,EN MER (LUMIERE TEL) - NUIT AMERICAINE,00:24:51:21,00:24:57:00,16:12:35:24,16:12:41:03,00:00:05:04,20250423_ALPHA7SIII0974.mov,Doublon,UNDLM_00271,,FALSE,,FALSE,FALSE,FALSE,FALSE,FALSE
272,,EN MER (LUMIERE TEL) - NUIT AMERICAINE,00:24:57:00,00:25:01:10,16:13:36:04,16:13:40:14,00:00:04:10,20250423_ALPHA7SIII0974.mov,Doublon,UNDLM_00272,,FALSE,,FALSE,FALSE,FALSE,FALSE,FALSE
273,,EN MER (LUMIERE TEL) - NUIT AMERICAINE,00:25:01:10,00:25:08:21,14:57:50:10,14:57:57:21,00:00:07:11,039A4561.mov,Doublon,UNDLM_00273,,FALSE,,FALSE,FALSE,FALSE,FALSE,FALSE
274,,EXT CROSS - NUIT AMERICAINE,00:25:08:21,00:25:14:23,21:57:00:24,21:57:07:01,00:00:06:02,A_0002C224X250401_210219WU_UNDLM.mov,,UNDLM_00274,,FALSE,,FALSE,FALSE,FALSE,FALSE,FALSE
275,,CROSS INTERIEUR - NUIT,00:25:14:23,00:25:19:04,18:31:44:18,18:31:48:24,00:00:04:06,LAU-001-1511.mov,Doublon,UNDLM_00275,,FALSE,,FALSE,FALSE,FALSE,FALSE,FALSE
276,,CROSS INTERIEUR - NUIT,00:25:19:04,00:25:20:08,22:10:48:24,22:10:50:03,00:00:01:04,C1178.mov,Doublon,UNDLM_00276,,FALSE,,FALSE,FALSE,FALSE,FALSE,FALSE
277,,CROSS INTERIEUR - NUIT,00:25:20:08,00:25:23:21,18:32:18:19,18:32:22:07,00:00:03:13,LAU-001-1511.mov,Doublon,UNDLM_00277,,FALSE,,FALSE,FALSE,FALSE,FALSE,FALSE
278,,CROSS INTERIEUR - NUIT,00:25:23:21,00:25:27:19,15:55:45:17,15:55:49:15,00:00:03:23,LAU-001-1555.mov,,UNDLM_00278,,FALSE,,FALSE,FALSE,FALSE,FALSE,FALSE
279,,CROSS INTERIEUR - NUIT,00:25:27:19,00:25:36:10,18:08:14:06,18:08:22:22,00:00:08:16,LAU-001-1510.mov,,UNDLM_00279,,FALSE,,FALSE,FALSE,FALSE,FALSE,FALSE
280,,CROSS INTERIEUR - NUIT,00:25:36:10,00:25:42:21,00:41:50:08,00:41:56:19,00:00:06:11,C1190.mov,,UNDLM_00280,,FALSE,,FALSE,FALSE,FALSE,FALSE,FALSE
281,,CROSS INTERIEUR - NUIT,00:25:42:21,00:25:47:08,01:00:00:00,01:00:04:11,00:00:04:12,Transition bateau_4.jpg,Doublon,UNDLM_00281,,FALSE,,FALSE,FALSE,FALSE,FALSE,FALSE
282,,CROSS INTERIEUR - NUIT,00:25:47:08,00:25:54:09,00:59:36:10,00:59:43:11,00:00:07:01,C1191.mov,Doublon,UNDLM_00282,,FALSE,,FALSE,FALSE,FALSE,FALSE,FALSE
283,,CROSS INTERIEUR - NUIT,00:25:54:09,00:25:59:01,18:26:17:06,18:26:21:23,00:00:04:17,LAU-001-1511.mov,Doublon,UNDLM_00283,,FALSE,,FALSE,FALSE,FALSE,FALSE,FALSE
284,,CROSS INTERIEUR - NUIT,00:25:59:01,00:26:07:14,18:36:41:14,18:36:50:02,00:00:08:13,LAU-001-1512.mov,Doublon,UNDLM_00284,,FALSE,,FALSE,FALSE,FALSE,FALSE,FALSE
285,,CROSS INTERIEUR - NUIT,00:26:07:14,00:26:10:02,00:59:52:24,00:59:55:12,00:00:02:13,C1191.mov,Doublon,UNDLM_00285,,FALSE,,FALSE,FALSE,FALSE,FALSE,FALSE
286,,CROSS INTERIEUR - NUIT,00:26:10:02,00:26:15:19,18:36:53:23,18:36:59:15,00:00:05:17,LAU-001-1512.mov,Doublon,UNDLM_00286,,FALSE,,FALSE,FALSE,FALSE,FALSE,FALSE
287,,EN MER - NUIT AMERICAINE,00:26:15:19,00:26:20:12,00:00:35:00,00:00:39:18,00:00:04:18,DJI_0178.mov,Doublon,UNDLM_00287,,FALSE,Fondu enchainé au montage / Dis-moi si tu as besoin de poignées,FALSE,FALSE,FALSE,FALSE,FALSE
288,,EN MER - NUIT AMERICAINE,00:26:20:12,00:26:30:11,00:00:47:20,00:00:57:19,00:00:09:24,DJI_0178.mov,Doublon,UNDLM_00288,,FALSE,Fondu enchainé au montage / Dis-moi si tu as besoin de poignées,FALSE,FALSE,FALSE,FALSE,FALSE
289,,EN MER - NUIT AMERICAINE,00:26:30:11,00:26:34:07,13:15:07:04,13:15:11:00,00:00:03:21,20250423_ALPHA7SIII0966.mov,,UNDLM_00289,,FALSE,,FALSE,FALSE,FALSE,FALSE,FALSE
290,,EN MER - NUIT AMERICAINE,00:26:34:07,00:26:37:20,16:29:21:18,16:29:25:06,00:00:03:13,A210C852_2504236S_CANON.mov,,UNDLM_00290,,FALSE,,FALSE,FALSE,FALSE,FALSE,FALSE
291,,EN MER - NUIT AMERICAINE,00:26:37:20,00:26:42:05,01:00:00:00,01:00:04:10,00:00:04:10,* FROM CLIP NAME:,,UNDLM_00291,,FALSE,,FALSE,FALSE,FALSE,FALSE,FALSE
292,,EN MER - NUIT AMERICAINE,00:26:42:05,00:26:45:18,09:14:21:11,09:14:24:24,00:00:03:13,A216D062_250425MO_CANON.mov,Doublon,UNDLM_00292,,FALSE,,FALSE,FALSE,FALSE,FALSE,FALSE
293,,EN MER - NUIT AMERICAINE,00:26:45:18,00:26:52:08,00:00:04:19,00:00:08:21,00:00:06:15,gettyimages-805423278-640_adpp.mp4,Doublon,UNDLM_00293,,FALSE,,FALSE,FALSE,FALSE,FALSE,FALSE
294,,EN MER - NUIT AMERICAINE,00:26:52:08,00:26:56:01,12:51:57:09,12:52:01:02,00:00:03:18,A209C823_250423IW_CANON.mov,,UNDLM_00294,,FALSE,,FALSE,FALSE,FALSE,FALSE,FALSE
295,,EN MER - NUIT AMERICAINE,00:26:56:01,00:27:01:21,17:01:45:24,17:01:48:11,00:00:05:20,A210C873_250423IY_CANON.mov,Doublon,UNDLM_00295,,FALSE,,FALSE,FALSE,FALSE,FALSE,FALSE
296,,EN MER - NUIT AMERICAINE,00:27:01:21,00:27:10:04,17:01:42:22,17:01:51:05,00:00:08:08,20250423_ALPHA7SIII0987.mov,,UNDLM_00296,,FALSE,,FALSE,FALSE,FALSE,FALSE,FALSE
297,,EN MER - NUIT AMERICAINE,00:27:10:04,00:27:17:18,00:00:04:19,00:00:08:21,00:00:07:14,gettyimages-805423278-640_adpp.mp4,Doublon,UNDLM_00297,,FALSE,,FALSE,FALSE,FALSE,FALSE,FALSE
298,,EN MER - NUIT AMERICAINE,00:27:17:18,00:27:28:13,16:54:56:19,16:55:07:14,00:00:10:20,A210C866_250423YG_CANON.mov,Doublon,UNDLM_00298,,FALSE,,FALSE,FALSE,FALSE,FALSE,FALSE
299,,EN MER - NUIT AMERICAINE,00:27:28:13,00:27:38:07,16:55:11:13,16:55:21:07,00:00:09:19,A210C866_250423YG_CANON.mov,Doublon,UNDLM_00299,,FALSE,,FALSE,FALSE,FALSE,FALSE,FALSE
300,,EN MER - NUIT AMERICAINE,00:27:38:07,00:27:42:06,17:01:55:24,17:01:59:22,00:00:07:01,A210C873_250423IY_CANON.mov,Doublon,UNDLM_00300,,FALSE,,FALSE,FALSE,FALSE,FALSE,FALSE
301,,EN MER - NUIT AMERICAINE,00:27:42:06,00:27:50:07,08:31:15:13,08:31:19:07,00:00:04:24,A215D041_250425Q3_CANON.mov,Doublon,UNDLM_00301,,FALSE,,FALSE,FALSE,FALSE,FALSE,FALSE
302,,EN MER - NUIT AMERICAINE,00:27:50:07,00:27:55:07,08:30:17:19,08:30:22:19,00:00:05:00,A215D040_25042585_CANON.mov,Doublon,UNDLM_00302,,FALSE,,FALSE,FALSE,FALSE,FALSE,FALSE
303,,EN MER - NUIT AMERICAINE,00:27:55:07,00:27:58:12,08:21:07:17,08:21:09:18,00:00:03:05,A215D037_250425OZ_CANON.mov,,UNDLM_00303,,FALSE,,FALSE,FALSE,FALSE,FALSE,FALSE
304,,EN MER - NUIT AMERICAINE,00:27:58:12,00:28:08:07,11:47:23:21,11:47:33:16,00:00:09:20,039A4505.mov,,UNDLM_00304,,FALSE,,FALSE,FALSE,FALSE,FALSE,FALSE
305,,EN MER - NUIT AMERICAINE,00:28:08:07,00:28:13:13,09:09:31:10,09:09:36:16,00:00:05:06,A216D059_250425GM_CANON.mov,,UNDLM_00305,,FALSE,,FALSE,FALSE,FALSE,FALSE,FALSE
306,,EN MER - NUIT AMERICAINE,00:28:13:13,00:28:18:01,09:08:16:15,09:08:21:03,00:00:04:13,A216D058_250425Q0_CANON.mov,,UNDLM_00306,,FALSE,,FALSE,FALSE,FALSE,FALSE,FALSE
307,,EN MER - NUIT AMERICAINE,00:28:18:01,00:28:24:00,09:10:28:15,09:10:34:14,00:00:05:24,A216D060_250425R8_CANON.mov,,UNDLM_00307,,FALSE,,FALSE,FALSE,FALSE,FALSE,FALSE
308,,EN MER - NUIT AMERICAINE,00:28:24:00,00:28:31:13,09:11:29:15,09:11:37:03,00:00:07:13,A216D061_250425HU_CANON.mov,,UNDLM_00308,,FALSE,,FALSE,FALSE,FALSE,FALSE,FALSE
309,,EN MER - NUIT AMERICAINE,00:28:31:13,00:28:36:12,17:01:55:24,17:02:00:23,00:00:04:24,A210C873_250423IY_CANON.mov,Doublon,UNDLM_00309,,FALSE,,FALSE,FALSE,FALSE,FALSE,FALSE
310,,EXT CROSS - NUIT AMERICAINE,00:28:36:12,00:28:46:24,00:00:13:11,00:00:23:23,00:00:10:12,DJI_20250401111851_0088_D.mov,,UNDLM_00310,,FALSE,,FALSE,FALSE,FALSE,FALSE,FALSE
311,,EXT CROSS - NUIT AMERICAINE,00:28:46:24,00:28:50:23,19:09:14:24,19:09:18:23,00:00:03:24,A_0002C198X250401_181433F3_UNDLM.mov,,UNDLM_00311,,FALSE,,FALSE,FALSE,FALSE,FALSE,FALSE
312,,CROSS INTERIEUR - NUIT,00:28:50:23,00:29:10:06,10:30:12:17,10:30:32:00,00:00:19:08,LAU-001-1516.mov,,UNDLM_00312,,FALSE,,FALSE,FALSE,FALSE,FALSE,FALSE
313,,CROSS INTERIEUR - NUIT,00:29:10:06,00:29:18:20,21:12:01:11,21:12:10:00,00:00:08:14,C1174.mov,Doublon,UNDLM_00313,,FALSE,,FALSE,FALSE,FALSE,FALSE,FALSE
314,,CROSS INTERIEUR - NUIT,00:29:18:20,00:29:29:13,14:37:03:23,14:37:14:16,00:00:10:18,LAU-001-1542.mov,Doublon,UNDLM_00314,,FALSE,,FALSE,FALSE,FALSE,FALSE,FALSE
315,,CROSS INTERIEUR - NUIT,00:29:29:13,00:29:42:03,17:04:12:10,17:04:25:00,00:00:12:15,C1193.mov,,UNDLM_00315,,FALSE,,FALSE,FALSE,FALSE,FALSE,FALSE
316,,CROSS INTERIEUR - NUIT,00:29:42:03,00:30:08:21,11:19:11:02,11:19:37:20,00:00:26:18,LAU-001-1525.mov,Doublon,UNDLM_00316,,FALSE,,FALSE,FALSE,FALSE,FALSE,FALSE
317,,EXT CROSS - NUIT AMERICAINE,00:30:08:21,00:30:14:21,13:22:49:13,13:22:53:03,00:00:06:00,A_0002C140X250401_1228068M_UNDLM.mov,,UNDLM_00317,,FALSE,,FALSE,FALSE,FALSE,FALSE,FALSE
318,,EN MER - NUIT AMERICAINE,00:30:14:21,00:30:23:08,00:03:23:01,00:03:31:13,00:00:08:12,DJI_0013.mov,,UNDLM_00318,,FALSE,,FALSE,FALSE,FALSE,FALSE,FALSE
319,,EN MER - NUIT AMERICAINE,00:30:23:08,00:30:27:17,16:26:37:00,16:26:41:09,00:00:04:09,20250423_ALPHA7SIII0976.mov,Doublon,UNDLM_00319,,FALSE,,FALSE,FALSE,FALSE,FALSE,FALSE
320,,EN MER - NUIT AMERICAINE,00:30:27:17,00:30:33:01,16:57:02:09,16:57:07:18,00:00:05:09,A210C867_2504231I_CANON.mov,,UNDLM_00320,,FALSE,,FALSE,FALSE,FALSE,FALSE,FALSE
321,,EN MER - NUIT AMERICAINE,00:30:33:01,00:30:39:20,17:19:31:21,17:19:38:15,00:00:06:19,20250423_ALPHA7SIII0988.mov,Doublon,UNDLM_00321,,FALSE,,FALSE,FALSE,FALSE,FALSE,FALSE
322,,EN MER - NUIT AMERICAINE,00:30:39:20,00:30:44:22,12:30:12:12,12:30:17:14,00:00:05:02,A209C812_250423CQ_CANON.mov,Doublon,UNDLM_00322,,FALSE,,FALSE,FALSE,FALSE,FALSE,FALSE
323,,EN MER - NUIT AMERICAINE,00:30:44:22,00:30:54:16,16:15:07:44,16:15:17:32,00:00:09:19,20250425_ALPHA7SIII1061.mov,,UNDLM_00323,,FALSE,,FALSE,FALSE,FALSE,FALSE,FALSE
324,,EN MER - NUIT AMERICAINE,00:30:54:16,00:30:59:00,12:52:55:19,12:53:00:03,00:00:04:09,A209C825_25042384_CANON.mov,Doublon,UNDLM_00324,,FALSE,,FALSE,FALSE,FALSE,FALSE,FALSE
325,,EN MER - NUIT AMERICAINE,00:30:59:00,00:31:02:21,16:57:38:04,16:57:42:00,00:00:03:21,20250423_ALPHA7SIII0985.mov,,UNDLM_00325,,FALSE,,FALSE,FALSE,FALSE,FALSE,FALSE
326,,EN MER - NUIT AMERICAINE,00:31:02:21,00:31:08:23,17:25:48:00,17:25:54:02,00:00:06:02,A210C878_250423BT_CANON.mov,Doublon,UNDLM_00326,,FALSE,,FALSE,FALSE,FALSE,FALSE,FALSE
327,,CROSS INTERIEUR - NUIT,00:31:08:23,00:31:13:16,18:11:54:23,18:11:59:16,00:00:04:18,C1198.mov,Doublon,UNDLM_00327,,FALSE,,FALSE,FALSE,FALSE,FALSE,FALSE
328,,CROSS INTERIEUR - NUIT,00:31:13:16,00:31:21:24,11:38:33:08,11:38:41:16,00:00:08:08,LAU-001-1526.mov,,UNDLM_00328,,FALSE,,FALSE,FALSE,FALSE,FALSE,FALSE
329,,CROSS INTERIEUR - NUIT,00:31:21:24,00:31:33:05,18:12:09:18,18:12:20:24,00:00:11:06,C1198.mov,Doublon,UNDLM_00329,,FALSE,,FALSE,FALSE,FALSE,FALSE,FALSE
330,,CROSS INTERIEUR - NUIT,00:31:33:05,00:31:50:22,11:42:51:02,11:43:08:19,00:00:17:17,LAU-001-1527.mov,,UNDLM_00330,,FALSE,,FALSE,FALSE,FALSE,FALSE,FALSE
331,,CROSS INTERIEUR - NUIT,00:31:50:22,00:32:17:13,18:12:40:01,18:12:58:08,00:00:26:16,C1198.mov,Doublon,UNDLM_00331,,FALSE,,FALSE,FALSE,FALSE,FALSE,FALSE
332,,CROSS INTERIEUR - NUIT,00:32:17:13,00:32:20:20,00:59:59:19,01:00:03:01,00:00:03:07,Transition bateau_4.jpg,Doublon,UNDLM_00332,,FALSE,Fondu enchainé au montage / Dis-moi si tu as besoin de poignées,FALSE,FALSE,FALSE,FALSE,FALSE
333,,CROSS INTERIEUR - NUIT,00:32:20:20,00:32:24:01,01:00:00:00,01:00:03:06,00:00:03:06,Transition bateau_5.jpg,Doublon,UNDLM_00333,,FALSE,Fondu enchainé au montage / Dis-moi si tu as besoin de poignées,FALSE,FALSE,FALSE,FALSE,FALSE
334,,EN MER - NUIT AMERICAINE,00:32:24:01,00:32:31:09,00:01:52:23,00:02:00:06,00:00:07:08,DJI_0015.mov,Doublon,UNDLM_00334,,FALSE,Fondu enchainé au montage / Dis-moi si tu as besoin de poignées,FALSE,FALSE,FALSE,FALSE,FALSE
335,,EN MER - NUIT AMERICAINE,00:32:31:09,00:32:42:09,00:00:00:00,00:00:04:17,00:00:11:00,gettyimages-805423278-640_adpp.mp4,Doublon,UNDLM_00335,,FALSE,,FALSE,FALSE,FALSE,FALSE,FALSE
336,,EN MER - NUIT AMERICAINE,00:32:42:09,00:32:47:14,12:50:26:10,12:50:34:05,00:00:05:05,20250423_ALPHA7SIII0963.mov,,UNDLM_00336,,FALSE,,FALSE,FALSE,FALSE,FALSE,FALSE
337,,EN MER - NUIT AMERICAINE,00:32:47:14,00:32:54:18,13:11:23:23,13:11:31:02,00:00:07:04,A209C831_25042320_CANON.mov,Doublon,UNDLM_00337,,FALSE,,FALSE,FALSE,FALSE,FALSE,FALSE
338,,EN MER - NUIT AMERICAINE,00:32:54:18,00:32:58:04,13:10:40:02,13:10:43:13,00:00:03:11,20250423_ALPHA7SIII0964.mov,Doublon,UNDLM_00338,,FALSE,,FALSE,FALSE,FALSE,FALSE,FALSE
339,,EN MER - NUIT AMERICAINE,00:32:58:04,00:33:08:00,13:11:34:14,13:11:44:10,00:00:09:21,A209C831_25042320_CANON.mov,Doublon,UNDLM_00339,,FALSE,,FALSE,FALSE,FALSE,FALSE,FALSE
340,,EN MER - NUIT AMERICAINE,00:33:08:00,00:33:17:04,12:46:42:17,12:46:51:21,00:00:09:04,A209C816_250423SM_CANON.mov,,UNDLM_00340,,FALSE,,FALSE,FALSE,FALSE,FALSE,FALSE
341,,EN MER - NUIT AMERICAINE,00:33:17:04,00:33:22:09,12:50:49:04,12:50:54:09,00:00:05:05,A209C819_250423Y8_CANON.mov,,UNDLM_00341,,FALSE,,FALSE,FALSE,FALSE,FALSE,FALSE
342,,EN MER - NUIT AMERICAINE,00:33:22:09,00:33:26:02,12:53:52:12,12:53:56:05,00:00:03:18,A209C826_250423QA_CANON.mov,,UNDLM_00342,,FALSE,,FALSE,FALSE,FALSE,FALSE,FALSE
343,,EN MER - NUIT AMERICAINE,00:33:26:02,00:33:28:19,12:47:54:24,12:47:57:16,00:00:02:17,A209C817_250423KK_CANON.mov,Doublon,UNDLM_00343,,FALSE,,FALSE,FALSE,FALSE,FALSE,FALSE
344,,EN MER - NUIT AMERICAINE,00:33:28:19,00:33:31:18,12:47:14:15,12:47:17:14,00:00:02:24,20250423_ALPHA7SIII0961.mov,Doublon,UNDLM_00344,,FALSE,,FALSE,FALSE,FALSE,FALSE,FALSE
345,,EN MER - NUIT AMERICAINE,00:33:31:18,00:33:34:21,13:12:15:14,13:12:18:17,00:00:03:03,A209C831_25042320_CANON.mov,Doublon,UNDLM_00345,,FALSE,,FALSE,FALSE,FALSE,FALSE,FALSE
346,,EN MER - NUIT AMERICAINE,00:33:34:21,00:33:38:24,13:11:32:11,13:11:36:14,00:00:04:03,20250423_ALPHA7SIII0964.mov,Doublon,UNDLM_00346,,FALSE,,FALSE,FALSE,FALSE,FALSE,FALSE
347,,EN MER - NUIT AMERICAINE,00:33:38:24,00:33:42:14,00:00:10:21,00:00:14:11,00:00:03:15,GettyImages-1B08780_0069.mp4,Doublon,UNDLM_00347,,FALSE,,FALSE,FALSE,FALSE,FALSE,FALSE
348,,EN MER - NUIT AMERICAINE,00:33:42:14,00:33:44:18,13:12:23:12,13:12:25:16,00:00:02:04,A209C831_25042320_CANON.mov,Doublon,UNDLM_00348,,FALSE,,FALSE,FALSE,FALSE,FALSE,FALSE
349,,EN MER - NUIT AMERICAINE,00:33:44:18,00:33:46:19,12:47:20:11,12:47:22:12,00:00:02:01,20250423_ALPHA7SIII0961.mov,Doublon,UNDLM_00349,,FALSE,,FALSE,FALSE,FALSE,FALSE,FALSE
350,,EN MER - NUIT AMERICAINE,00:33:46:19,00:33:49:13,12:48:13:10,12:48:16:04,00:00:02:19,A209C817_250423KK_CANON.mov,Doublon,UNDLM_00350,,FALSE,,FALSE,FALSE,FALSE,FALSE,FALSE
351,,EN MER - NUIT AMERICAINE,00:33:49:13,00:33:56:23,00:00:00:10,00:00:02:17,00:00:07:10,GettyImages-1B08780_0069.mp4,Doublon,UNDLM_00351,,FALSE,,FALSE,FALSE,FALSE,FALSE,FALSE
352,,EN MER - NUIT AMERICAINE,00:33:56:23,00:34:06:06,13:12:37:03,13:12:42:17,00:00:09:08,A209C831_25042320_CANON.mov,Doublon,UNDLM_00352,,FALSE,,FALSE,FALSE,FALSE,FALSE,FALSE
353,,EN MER - NUIT AMERICAINE,00:34:06:06,00:34:10:23,17:18:59:02,17:19:03:19,00:00:04:17,20250423_ALPHA7SIII0988.mov,Doublon,UNDLM_00353,,FALSE,,FALSE,FALSE,FALSE,FALSE,FALSE
354,,EN MER - NUIT AMERICAINE,00:34:10:23,00:34:14:12,13:10:31:12,13:10:35:01,00:00:03:14,20250423_ALPHA7SIII0964.mov,Doublon,UNDLM_00354,,FALSE,,FALSE,FALSE,FALSE,FALSE,FALSE
355,,EN MER - NUIT AMERICAINE,00:34:14:12,00:34:22:05,14:58:59:06,14:59:06:24,00:00:07:18,039A4561.mov,Doublon,UNDLM_00355,,FALSE,,FALSE,FALSE,FALSE,FALSE,FALSE
356,,EN MER - NUIT AMERICAINE,00:34:22:05,00:34:25:23,12:48:44:17,12:48:48:10,00:00:03:18,A209C817_250423KK_CANON.mov,Doublon,UNDLM_00356,,FALSE,,FALSE,FALSE,FALSE,FALSE,FALSE
357,,EN MER - NUIT AMERICAINE,00:34:25:23,00:34:30:03,12:47:58:00,12:48:02:05,00:00:04:05,20250423_ALPHA7SIII0961.mov,Doublon,UNDLM_00357,,FALSE,,FALSE,FALSE,FALSE,FALSE,FALSE
358,,EN MER - NUIT AMERICAINE,00:34:30:03,00:34:32:01,00:00:00:00,00:00:00:14,00:00:01:23,7850542-uhd_3840_2160_30fps.mp4,,UNDLM_00358,,FALSE,,FALSE,FALSE,FALSE,FALSE,FALSE
359,,EN MER - NUIT AMERICAINE,00:34:32:01,00:34:35:01,00:00:01:08,00:00:04:08,00:00:03:00,8231592-uhd_4096_2160_25fps.mp4,,UNDLM_00359,,FALSE,,FALSE,FALSE,FALSE,FALSE,FALSE
360,,EN MER - NUIT AMERICAINE,00:34:35:01,00:34:37:02,13:13:03:08,13:13:05:09,00:00:02:01,A209C831_25042320_CANON.mov,Doublon,UNDLM_00360,,FALSE,,FALSE,FALSE,FALSE,FALSE,FALSE
361,,EN MER - NUIT AMERICAINE,00:34:37:02,00:34:39:23,13:12:20:17,13:12:23:13,00:00:02:21,20250423_ALPHA7SIII0964.mov,Doublon,UNDLM_00361,,FALSE,,FALSE,FALSE,FALSE,FALSE,FALSE
362,,EN MER - NUIT AMERICAINE,00:34:39:23,00:34:44:04,08:42:38:12,08:42:42:18,00:00:04:06,A215D043_25042547_CANON.mov,Doublon,UNDLM_00362,,FALSE,,FALSE,FALSE,FALSE,FALSE,FALSE
363,,EN MER - NUIT AMERICAINE,00:34:44:04,00:34:47:22,16:40:31:24,16:40:35:17,00:00:03:18,A210C854_25042380_CANON.mov,,UNDLM_00363,,FALSE,,FALSE,FALSE,FALSE,FALSE,FALSE
364,,EN MER - NUIT AMERICAINE,00:34:47:22,00:34:56:12,08:29:22:01,08:29:30:16,00:00:08:15,A215D040_25042585_CANON.mov,Doublon,UNDLM_00364,,FALSE,,FALSE,FALSE,FALSE,FALSE,FALSE
365,,EN MER - NUIT AMERICAINE,00:34:56:12,00:35:00:21,08:57:41:22,08:57:46:06,00:00:04:09,A215D048_250425XH_CANON.mov,,UNDLM_00365,,FALSE,,FALSE,FALSE,FALSE,FALSE,FALSE
366,,EN MER - NUIT AMERICAINE,00:35:00:21,00:35:05:16,08:59:11:01,08:59:15:21,00:00:04:20,A216D049_250425QI_CANON.mov,,UNDLM_00366,,FALSE,,FALSE,FALSE,FALSE,FALSE,FALSE
367,,EN MER - NUIT AMERICAINE,00:35:05:16,00:35:10:23,08:42:29:00,08:42:34:07,00:00:05:07,A215D043_25042547_CANON.mov,Doublon,UNDLM_00367,,FALSE,,FALSE,FALSE,FALSE,FALSE,FALSE
368,,1ER MAYDAY EXT - NUIT AMERICAINE,00:35:10:23,00:35:16:00,00:00:10:21,00:00:15:23,00:00:05:02,GettyImages-1B08780_0069.mp4,Doublon,UNDLM_00368,,FALSE,,FALSE,FALSE,FALSE,FALSE,FALSE
369,,1ER MAYDAY EXT - NUIT AMERICAINE,00:35:16:00,00:35:24:19,00:00:04:06,00:00:13:00,00:00:08:19,POND5_046395258-slow-pan-across-dover-harbour-.mov,,UNDLM_00369,,FALSE,,FALSE,FALSE,FALSE,FALSE,FALSE
370,,1ER MAYDAY EXT - NUIT AMERICAINE,00:35:24:19,00:35:29:13,00:01:18:00,00:01:22:19,00:00:04:19,AP_4354782_UK_Migration_Channel_Rescue_1080i50-h264-4m-screener.mp4,,UNDLM_00370,,FALSE,,FALSE,FALSE,FALSE,FALSE,FALSE
371,,1ER MAYDAY EXT - NUIT AMERICAINE,00:35:29:13,00:35:31:17,00:02:22:19,00:02:24:23,00:00:02:04,AFP__20211124__9TB4FW__v1__MockupMP4640x360MARKED__MigrantsArriveOnEnglandSSouthCoast_Valiant a la fin.mov,,UNDLM_00371,,FALSE,,FALSE,FALSE,FALSE,FALSE,FALSE
372,,1ER MAYDAY EXT - NUIT AMERICAINE,00:35:31:17,00:35:35:13,00:01:17:22,00:01:21:18,00:00:03:21,GettyImages-1204422536.mov,,UNDLM_00372,,FALSE,,FALSE,FALSE,FALSE,FALSE,FALSE
373,,1ER MAYDAY EXT - NUIT AMERICAINE,00:35:35:13,00:35:42:01,00:00:00:01,00:00:06:16,00:00:06:13,POND5_163660881_Uk Border Force Ship Leaving Harbor In Ramsgate.mp4,,UNDLM_00373,,FALSE,,FALSE,FALSE,FALSE,FALSE,FALSE
374,,1ER MAYDAY EXT - NUIT AMERICAINE,00:35:42:01,00:35:48:02,00:00:26:18,00:00:32:19,00:00:06:01,Gettyimages-2207938735-640_adpp_reportage Channel 4 avec MRCC.mp4,Doublon,UNDLM_00374,,FALSE,,FALSE,FALSE,FALSE,FALSE,FALSE
375,,1ER MAYDAY EXT - NUIT AMERICAINE,00:35:48:02,00:36:04:20,00:00:19:22,00:00:36:15,00:00:16:18,DJI_0018.mov,,UNDLM_00375,,FALSE,,FALSE,FALSE,FALSE,FALSE,FALSE
376,,1ER MAYDAY EXT - NUIT AMERICAINE,00:36:04:20,00:36:15:07,00:00:40:03,00:00:50:15,00:00:10:12,GETTY_1454474232.mp4,Doublon,UNDLM_00376,,FALSE,,FALSE,FALSE,FALSE,FALSE,FALSE
377,,1ER MAYDAY EXT - NUIT AMERICAINE,00:36:15:07,00:36:20:06,00:01:04:24,00:01:09:23,00:00:04:24,AFP__20220319__326H242__v2__MockupMP4640x360MARKED__MigrantsOnBoardTheAbeilleLangued.mov,Doublon,UNDLM_00377,,FALSE,,FALSE,FALSE,FALSE,FALSE,FALSE
378,,1ER MAYDAY EXT - NUIT AMERICAINE,00:36:20:06,00:36:27:07,00:11:01:19,00:11:02:22,00:00:07:01,Les îles éparses avec Sylvain Tesson (480p_25fps_H264-128kbit_AAC).mp4,,UNDLM_00378,,FALSE,,FALSE,FALSE,FALSE,FALSE,FALSE
379,,1ER MAYDAY EXT - NUIT AMERICAINE,00:36:27:07,00:36:35:09,00:02:02:21,00:02:08:22,00:00:08:02,AFP__20220319__326H242__v2__MockupMP4640x360MARKED__MigrantsOnBoardTheAbeilleLangued.mov,Doublon,UNDLM_00379,,FALSE,,FALSE,FALSE,FALSE,FALSE,FALSE
380,,EXT CROSS - NUIT AMERICAINE,00:36:35:09,00:36:40:17,18:53:58:03,18:54:03:11,00:00:05:08,A_0002C195X250401_175906X5_UNDLM.mov,,UNDLM_00380,,FALSE,,FALSE,FALSE,FALSE,FALSE,FALSE
381,,EXT CROSS - NUIT AMERICAINE,00:36:40:17,00:36:51:09,18:21:05:04,18:21:15:21,00:00:10:17,A_0002C182X250401_172619O5_UNDLM.mov,,UNDLM_00381,,FALSE,,FALSE,FALSE,FALSE,FALSE,FALSE
382,,EXT CROSS - NUIT AMERICAINE,00:36:51:09,00:37:00:19,18:03:35:08,18:03:44:18,00:00:09:10,A_0002C173X250401_170839RL_UNDLM.mov,Doublon,UNDLM_00382,,FALSE,,FALSE,FALSE,FALSE,FALSE,FALSE
383,,CROSS INTERIEUR - NUIT,00:37:00:19,00:37:09:18,00:00:55:02,00:00:59:14,00:00:09:24,AFP__20220317__326B2Z2__v1__MockupMP4640x360MARKED__AuCrossGrisNezLeSamuDeLaMerPourL.mov,Doublon,UNDLM_00383,,FALSE,,FALSE,FALSE,FALSE,FALSE,FALSE
384,,CROSS INTERIEUR - NUIT,00:37:09:18,00:37:18:20,15:46:38:15,15:46:47:17,00:00:09:02,LAU-001-1554.mov,,UNDLM_00384,,FALSE,,FALSE,FALSE,FALSE,FALSE,FALSE
385,,CROSS INTERIEUR - NUIT,00:37:18:20,00:37:31:14,19:17:49:14,19:17:53:14,00:00:12:19,C1207.mov,Doublon,UNDLM_00385,,FALSE,,FALSE,FALSE,FALSE,FALSE,FALSE
386,,CROSS INTERIEUR - NUIT,00:37:31:14,00:37:48:03,12:44:35:13,12:44:52:02,00:00:16:14,LAU-001-1535.mov,Doublon,UNDLM_00386,,FALSE,,FALSE,FALSE,FALSE,FALSE,FALSE
387,,CROSS INTERIEUR - NUIT,00:37:48:03,00:37:54:01,15:47:09:04,15:47:11:00,00:00:04:03,LAU-001-1499.mov,Doublon,UNDLM_00387,,FALSE,,FALSE,FALSE,FALSE,FALSE,FALSE
388,,CROSS INTERIEUR - NUIT,00:37:54:01,00:38:01:15,00:02:36:22,00:02:39:15,00:00:02:18,AFP__20220317__326B2Z2__v1__MockupMP4640x360MARKED__AuCrossGrisNezLeSamuDeLaMerPourL.mov,Doublon,UNDLM_00388,,FALSE,,FALSE,FALSE,FALSE,FALSE,FALSE
389,,CROSS INTERIEUR - NUIT,,,15:47:08:16,15:47:11:00,,LAU-001-1499.mov,Doublon,UNDLM_00389,,FALSE,PLAN SUPPRIMÉ AU MONTAGE,FALSE,FALSE,FALSE,FALSE,FALSE
390,,CROSS INTERIEUR - NUIT,,,00:02:36:14,00:02:38:11,,AFP__20220317__326B2Z2__v1__MockupMP4640x360MARKED__AuCrossGrisNezLeSamuDeLaMerPourL.mov,Doublon,UNDLM_00390,,FALSE,PLAN SUPPRIMÉ AU MONTAGE,FALSE,FALSE,FALSE,FALSE,FALSE
391,,CROSS INTERIEUR - NUIT,00:38:01:15,00:38:10:20,12:45:26:01,12:45:35:06,00:00:09:05,LAU-001-1535.mov,Doublon,UNDLM_00391,,FALSE,,FALSE,FALSE,FALSE,FALSE,FALSE
392,,CROSS INTERIEUR - NUIT,00:38:10:20,00:38:15:00,00:02:40:11,00:02:44:16,00:00:04:05,AFP__20220317__326B2Z2__v1__MockupMP4640x360MARKED__AuCrossGrisNezLeSamuDeLaMerPourL.mov,Doublon,UNDLM_00392,,FALSE,,FALSE,FALSE,FALSE,FALSE,FALSE
393,,CROSS INTERIEUR - NUIT,00:38:15:00,00:38:23:01,19:18:47:23,19:18:55:24,00:00:08:01,C1207.mov,Doublon,UNDLM_00393,,FALSE,,FALSE,FALSE,FALSE,FALSE,FALSE
394,,CROSS INTERIEUR - NUIT,00:38:23:01,00:38:25:12,13:02:34:07,13:02:36:18,00:00:02:11,LAU-001-1537.mov,,UNDLM_00394,,FALSE,,FALSE,FALSE,FALSE,FALSE,FALSE
395,,CROSS INTERIEUR - NUIT,00:38:25:12,00:38:35:07,12:45:39:20,12:45:49:15,00:00:09:20,LAU-001-1535.mov,Doublon,UNDLM_00395,,FALSE,,FALSE,FALSE,FALSE,FALSE,FALSE
396,,CROSS INTERIEUR - NUIT,00:38:35:07,00:38:46:14,21:08:09:17,21:08:20:24,00:00:11:07,C1173.mov,Doublon,UNDLM_00396,,FALSE,,FALSE,FALSE,FALSE,FALSE,FALSE
397,,CROSS INTERIEUR - NUIT,00:38:46:14,00:38:57:02,19:19:30:10,19:19:40:23,00:00:10:13,C1207.mov,Doublon,UNDLM_00397,,FALSE,,FALSE,FALSE,FALSE,FALSE,FALSE
398,,CROSS INTERIEUR - NUIT,00:38:57:02,00:39:01:18,14:34:53:19,14:34:58:10,00:00:04:16,LAU-001-1542.mov,Doublon,UNDLM_00398,,FALSE,,FALSE,FALSE,FALSE,FALSE,FALSE
399,,CROSS INTERIEUR - NUIT,00:39:01:18,00:39:04:19,19:19:45:14,19:19:48:15,00:00:03:01,C1207.mov,Doublon,UNDLM_00399,,FALSE,,FALSE,FALSE,FALSE,FALSE,FALSE
400,,CROSS INTERIEUR - NUIT,00:39:04:19,00:39:10:24,14:49:46:11,14:49:52:16,00:00:06:05,LAU-001-1493.mov,Doublon,UNDLM_00400,,FALSE,,FALSE,FALSE,FALSE,FALSE,FALSE
401,,2EME MAYDAY EXT - NUIT AMERICAINE,00:39:10:24,00:39:19:12,00:00:26:18,00:00:35:06,00:00:08:13,Gettyimages-2207938735-640_adpp_reportage Channel 4 avec MRCC.mp4,Doublon,UNDLM_00401,,FALSE,,FALSE,FALSE,FALSE,FALSE,FALSE
402,,2EME MAYDAY EXT - NUIT AMERICAINE,00:39:19:12,00:39:29:04,00:00:07:15,00:00:17:07,00:00:09:17,DJI_0175.mov,,UNDLM_00402,,FALSE,,FALSE,FALSE,FALSE,FALSE,FALSE
403,,2EME MAYDAY EXT - NUIT AMERICAINE,00:39:29:04,00:39:37:21,00:00:00:00,00:00:08:17,00:00:08:17,DJI_0017.mov,,UNDLM_00403,,FALSE,,FALSE,FALSE,FALSE,FALSE,FALSE
404,,2EME MAYDAY EXT - NUIT AMERICAINE,00:39:37:21,00:39:46:11,00:00:10:11,00:00:19:01,00:00:08:15,DJI_0189.mov,,UNDLM_00404,,FALSE,,FALSE,FALSE,FALSE,FALSE,FALSE
405,,NAUFFRAGE MER EXT NUIT AMERICAINE + BATEAUX SAUVETAGE,00:39:46:11,00:39:54:11,00:00:00:00,00:00:04:12,00:00:08:00,gettyimages-805423278-640_adpp.mp4,Doublon,UNDLM_00405,,FALSE,,FALSE,FALSE,FALSE,FALSE,FALSE
406,,NAUFFRAGE MER EXT NUIT AMERICAINE + BATEAUX SAUVETAGE,00:39:54:11,00:40:06:04,00:00:00:19,00:00:08:25,00:00:11:18,gettyimages-555806749-640_adpp.mp4,,UNDLM_00406,,FALSE,,FALSE,FALSE,FALSE,FALSE,FALSE
407,,NAUFFRAGE MER EXT NUIT AMERICAINE + BATEAUX SAUVETAGE,00:40:06:04,00:40:09:20,00:00:02:13,00:00:06:02,00:00:03:16,gettyimages-569927111-640_adpp.mp4,,UNDLM_00407,,FALSE,,FALSE,FALSE,FALSE,FALSE,FALSE
408,,NAUFFRAGE MER EXT NUIT AMERICAINE + BATEAUX SAUVETAGE,00:40:09:20,00:40:17:09,17:28:21:23,17:28:29:12,00:00:07:14,A210C878_250423BT_CANON.mov,Doublon,UNDLM_00408,,FALSE,,FALSE,FALSE,FALSE,FALSE,FALSE
409,,NAUFFRAGE MER EXT NUIT AMERICAINE + BATEAUX SAUVETAGE,00:40:17:09,00:40:22:20,17:28:41:12,17:28:46:23,00:00:05:11,A210C878_250423BT_CANON.mov,Doublon,UNDLM_00409,,FALSE,,FALSE,FALSE,FALSE,FALSE,FALSE
410,,NAUFFRAGE MER EXT NUIT AMERICAINE + BATEAUX SAUVETAGE,00:40:22:20,00:40:28:01,00:00:02:19,00:00:07:26,00:00:05:06,gettyimages-569927109-640_adpp.mp4,,UNDLM_00410,,FALSE,,FALSE,FALSE,FALSE,FALSE,FALSE
411,,NAUFFRAGE MER EXT NUIT AMERICAINE + BATEAUX SAUVETAGE,00:40:28:01,00:40:35:21,17:29:15:14,17:29:23:09,00:00:07:20,A210C878_250423BT_CANON.mov,Doublon,UNDLM_00411,,FALSE,,FALSE,FALSE,FALSE,FALSE,FALSE
412,,NAUFFRAGE MER EXT NUIT AMERICAINE + BATEAUX SAUVETAGE,00:40:35:21,00:40:39:16,12:53:09:21,12:53:13:16,00:00:03:20,A209C825_25042384_CANON.mov,Doublon,UNDLM_00412,,FALSE,,FALSE,FALSE,FALSE,FALSE,FALSE
413,,NAUFFRAGE MER EXT NUIT AMERICAINE + BATEAUX SAUVETAGE,00:40:39:16,00:40:47:13,00:00:00:00,00:00:03:23,00:00:07:22,gettyimages-805423278-640_adpp.mp4,Doublon,UNDLM_00413,,FALSE,,FALSE,FALSE,FALSE,FALSE,FALSE
414,,NAUFFRAGE MER EXT NUIT AMERICAINE + BATEAUX SAUVETAGE,00:40:47:13,00:40:54:08,16:23:17:17,16:23:24:12,00:00:06:20,A209C849_250423SB_CANON.mov,Doublon,UNDLM_00414,,FALSE,,FALSE,FALSE,FALSE,FALSE,FALSE
415,,NAUFFRAGE MER EXT NUIT AMERICAINE + BATEAUX SAUVETAGE,00:40:54:08,00:40:58:06,17:29:35:21,17:29:39:19,00:00:03:23,A210C878_250423BT_CANON.mov,Doublon,UNDLM_00415,,FALSE,,FALSE,FALSE,FALSE,FALSE,FALSE
416,,NAUFFRAGE MER EXT NUIT AMERICAINE + BATEAUX SAUVETAGE,00:40:58:06,00:41:03:18,17:29:46:06,17:29:51:18,00:00:05:12,A210C878_250423BT_CANON.mov,Doublon,UNDLM_00416,,FALSE,,FALSE,FALSE,FALSE,FALSE,FALSE
417,,NAUFFRAGE MER EXT NUIT AMERICAINE + BATEAUX SAUVETAGE,00:41:03:18,00:41:06:16,16:23:33:22,16:23:36:20,00:00:02:23,A209C849_250423SB_CANON.mov,Doublon,UNDLM_00417,,FALSE,,FALSE,FALSE,FALSE,FALSE,FALSE
418,,NAUFFRAGE MER EXT NUIT AMERICAINE + BATEAUX SAUVETAGE,00:41:06:16,00:41:12:21,17:28:22:00,17:28:28:05,00:00:06:05,A210C878_250423BT_CANON.mov,Doublon,UNDLM_00418,,FALSE,,FALSE,FALSE,FALSE,FALSE,FALSE
419,,NAUFFRAGE MER EXT NUIT AMERICAINE + BATEAUX SAUVETAGE,00:41:12:21,00:41:14:12,16:23:53:07,16:23:54:23,00:00:01:16,A209C849_250423SB_CANON.mov,Doublon,UNDLM_00419,,FALSE,,FALSE,FALSE,FALSE,FALSE,FALSE
420,,NAUFFRAGE MER EXT NUIT AMERICAINE + BATEAUX SAUVETAGE,00:41:14:12,00:41:24:10,00:00:00:00,00:00:03:23,00:00:07:22,gettyimages-805423278-640_adpp.mp4,Doublon,UNDLM_00420,,FALSE,,FALSE,FALSE,FALSE,FALSE,FALSE
421,,NAUFFRAGE MER EXT NUIT AMERICAINE + BATEAUX SAUVETAGE,00:41:24:10,00:41:29:03,12:30:14:10,12:30:19:03,00:00:04:18,A209C812_250423CQ_CANON.mov,Doublon,UNDLM_00421,,FALSE,,FALSE,FALSE,FALSE,FALSE,FALSE
422,,NAUFFRAGE MER EXT NUIT AMERICAINE + BATEAUX SAUVETAGE,00:41:29:03,00:41:33:14,17:31:13:12,17:31:17:23,00:00:04:11,A210C881_2504236J_CANON.mov,,UNDLM_00422,,FALSE,,FALSE,FALSE,FALSE,FALSE,FALSE
423,,NAUFFRAGE MER EXT NUIT AMERICAINE + BATEAUX SAUVETAGE,00:41:33:14,00:41:57:20,16:24:16:18,16:24:40:24,00:00:24:06,A209C849_250423SB_CANON.mov,Doublon,UNDLM_00423,,FALSE,,FALSE,FALSE,FALSE,FALSE,FALSE
424,,NAUFFRAGE MER EXT NUIT AMERICAINE + BATEAUX SAUVETAGE,00:41:57:20,00:42:11:09,00:00:06:22,00:00:20:11,00:00:13:14,DJI_0177.mov,Doublon,UNDLM_00424,,FALSE,,FALSE,FALSE,FALSE,FALSE,FALSE
425,,NAUFFRAGE MER EXT NUIT AMERICAINE + BATEAUX SAUVETAGE,00:42:11:09,00:42:21:21,00:00:40:03,00:00:50:15,00:00:10:12,GETTY_1454474232.mp4,Doublon,UNDLM_00425,,FALSE,,FALSE,FALSE,FALSE,FALSE,FALSE
426,,NAUFFRAGE MER EXT NUIT AMERICAINE + BATEAUX SAUVETAGE,00:42:21:21,00:42:27:19,00:00:42:22,00:00:48:20,00:00:05:23,AFP__20220319__326H242__v2__MockupMP4640x360MARKED__MigrantsOnBoardTheAbeilleLangued.mov,Doublon,UNDLM_00426,,FALSE,,FALSE,FALSE,FALSE,FALSE,FALSE
427,,NAUFFRAGE MER EXT NUIT AMERICAINE + BATEAUX SAUVETAGE,00:42:27:19,00:42:37:09,00:01:17:13,00:01:27:03,00:00:09:15,AFP__20220319__326H242__v2__MockupMP4640x360MARKED__MigrantsOnBoardTheAbeilleLangued.mov,Doublon,UNDLM_00427,,FALSE,,FALSE,FALSE,FALSE,FALSE,FALSE
428,,NAUFFRAGE MER EXT NUIT AMERICAINE + BATEAUX SAUVETAGE,00:42:37:09,00:42:50:18,00:02:26:05,00:02:39:14,00:00:13:09,AFP__20220319__326H242__v2__MockupMP4640x360MARKED__MigrantsOnBoardTheAbeilleLangued.mov,Doublon,UNDLM_00428,,FALSE,,FALSE,FALSE,FALSE,FALSE,FALSE
429,,NAUFFRAGE MER EXT NUIT AMERICAINE + BATEAUX SAUVETAGE,00:42:50:18,00:43:00:00,00:01:28:03,00:01:37:10,00:00:09:07,AFP__20220319__326H242__v2__MockupMP4640x360MARKED__MigrantsOnBoardTheAbeilleLangued.mov,Doublon,UNDLM_00429,,FALSE,,FALSE,FALSE,FALSE,FALSE,FALSE
430,,NAUFFRAGE MER EXT NUIT AMERICAINE + BATEAUX SAUVETAGE,00:43:00:00,00:43:02:12,00:01:44:16,00:01:47:03,00:00:02:12,AFP__20220319__326H242__v2__MockupMP4640x360MARKED__MigrantsOnBoardTheAbeilleLangued.mov,Doublon,UNDLM_00430,,FALSE,,FALSE,FALSE,FALSE,FALSE,FALSE
431,,NAUFFRAGE MER EXT NUIT AMERICAINE + BATEAUX SAUVETAGE,00:43:02:12,00:43:09:06,00:01:19:09,00:01:26:03,00:00:06:19,AFP__20230214__338Z4XW__v1__MockupMP4640x360MARKED__DansLaMancheUnNavireDeGuerreFran.mov,Doublon,UNDLM_00431,,FALSE,,FALSE,FALSE,FALSE,FALSE,FALSE
432,,NAUFFRAGE MER EXT NUIT AMERICAINE + BATEAUX SAUVETAGE,00:43:09:06,00:43:11:22,00:00:26:16,00:00:29:07,00:00:02:16,AFP__20220319__326H242__v2__MockupMP4640x360MARKED__MigrantsOnBoardTheAbeilleLangued.mov,Doublon,UNDLM_00432,,FALSE,,FALSE,FALSE,FALSE,FALSE,FALSE
433,,NAUFFRAGE MER EXT NUIT AMERICAINE + BATEAUX SAUVETAGE,00:43:11:22,00:43:23:02,00:02:10:08,00:02:21:13,00:00:11:05,AFP__20220319__326H242__v2__MockupMP4640x360MARKED__MigrantsOnBoardTheAbeilleLangued.mov,Doublon,UNDLM_00433,,FALSE,,FALSE,FALSE,FALSE,FALSE,FALSE
434,,NAUFFRAGE MER EXT NUIT AMERICAINE + BATEAUX SAUVETAGE,00:43:23:02,00:43:30:06,00:01:48:17,00:01:55:21,00:00:07:04,AFP__20220319__326H242__v2__MockupMP4640x360MARKED__MigrantsOnBoardTheAbeilleLangued.mov,Doublon,UNDLM_00434,,FALSE,,FALSE,FALSE,FALSE,FALSE,FALSE
435,,NAUFFRAGE MER EXT NUIT AMERICAINE + BATEAUX SAUVETAGE,00:43:30:06,00:43:34:17,00:01:04:24,00:01:09:10,00:00:04:11,AFP__20220319__326H242__v2__MockupMP4640x360MARKED__MigrantsOnBoardTheAbeilleLangued.mov,Doublon,UNDLM_00435,,FALSE,,FALSE,FALSE,FALSE,FALSE,FALSE
436,,NAUFFRAGE MER EXT NUIT AMERICAINE + BATEAUX SAUVETAGE,00:43:34:17,00:43:41:07,00:02:56:18,00:03:03:08,00:00:06:15,AFP__20220319__326H242__v2__MockupMP4640x360MARKED__MigrantsOnBoardTheAbeilleLangued.mov,Doublon,UNDLM_00436,,FALSE,,FALSE,FALSE,FALSE,FALSE,FALSE
437,,NAUFFRAGE MER EXT NUIT AMERICAINE + BATEAUX SAUVETAGE,00:43:41:07,00:43:42:08,00:03:03:08,00:03:04:09,00:00:01:01,AFP__20220319__326H242__v2__MockupMP4640x360MARKED__MigrantsOnBoardTheAbeilleLangued.mov,Doublon,UNDLM_00437,,FALSE,,FALSE,FALSE,FALSE,FALSE,FALSE
438,,NAUFFRAGE MER EXT NUIT AMERICAINE + BATEAUX SAUVETAGE,00:43:42:08,00:43:46:17,00:00:30:04,00:00:33:16,00:00:04:09,AFP__20230214__338Z4XW__v1__MockupMP4640x360MARKED__DansLaMancheUnNavireDeGuerreFran.mov,Doublon,UNDLM_00438,,FALSE,,FALSE,FALSE,FALSE,FALSE,FALSE
439,,NAUFFRAGE MER EXT NUIT AMERICAINE + BATEAUX SAUVETAGE,00:43:46:17,00:43:48:23,00:03:05:02,00:03:07:08,00:00:02:06,AFP__20220319__326H242__v2__MockupMP4640x360MARKED__MigrantsOnBoardTheAbeilleLangued.mov,Doublon,UNDLM_00439,,FALSE,,FALSE,FALSE,FALSE,FALSE,FALSE
440,,NAUFFRAGE MER EXT NUIT AMERICAINE + BATEAUX SAUVETAGE,00:43:48:23,00:43:52:22,12:03:13:22,12:03:17:21,00:00:03:24,A216D086_250425SB_CANON.mov,,UNDLM_00440,,FALSE,,FALSE,FALSE,FALSE,FALSE,FALSE
441,,NAUFFRAGE MER EXT NUIT AMERICAINE + BATEAUX SAUVETAGE,00:43:52:22,00:43:59:23,12:02:22:11,12:02:29:12,00:00:07:01,A216D084_250425CV_CANON.mov,,UNDLM_00441,,FALSE,,FALSE,FALSE,FALSE,FALSE,FALSE
442,,NAUFFRAGE MER EXT NUIT AMERICAINE + BATEAUX SAUVETAGE,00:43:59:23,00:44:05:23,00:00:29:51,00:00:35:50,00:00:06:00,1056962843-preview.mp4,,UNDLM_00442,,FALSE,,FALSE,FALSE,FALSE,FALSE,FALSE
443,,NAUFFRAGE MER EXT NUIT AMERICAINE + BATEAUX SAUVETAGE,00:44:05:23,00:44:14:16,00:00:19:02,00:00:27:20,00:00:08:18,DJI_0177.mov,Doublon,UNDLM_00443,,FALSE,,FALSE,FALSE,FALSE,FALSE,FALSE
444,,NAUFFRAGE MER EXT NUIT AMERICAINE + BATEAUX SAUVETAGE,00:44:14:16,00:44:18:04,00:00:15:24,00:00:19:12,00:00:03:13,gettyimages-638410592-640_adpp.mp4,Doublon,UNDLM_00444,,FALSE,,FALSE,FALSE,FALSE,FALSE,FALSE
445,,NAUFFRAGE MER EXT NUIT AMERICAINE + BATEAUX SAUVETAGE,00:44:18:04,00:44:22:08,00:00:01:14,00:00:05:18,00:00:04:04,gettyimages-638410592-640_adpp.mp4,Doublon,UNDLM_00445,,FALSE,,FALSE,FALSE,FALSE,FALSE,FALSE
446,,NAUFFRAGE MER EXT NUIT AMERICAINE + BATEAUX SAUVETAGE,00:44:22:08,00:44:23:16,00:00:00:00,00:00:00:23,00:00:01:08,gettyimages-638410592-640_adpp.mp4,Doublon,UNDLM_00446,,FALSE,,FALSE,FALSE,FALSE,FALSE,FALSE
447,,NAUFFRAGE MER EXT NUIT AMERICAINE + BATEAUX SAUVETAGE,00:44:23:16,00:44:29:24,15:18:53:22,15:19:00:05,00:00:06:08,A212C940_2504248G_CANON.mov,Doublon,UNDLM_00447,,FALSE,,FALSE,FALSE,FALSE,FALSE,FALSE
448,,NAUFFRAGE MER EXT NUIT AMERICAINE + BATEAUX SAUVETAGE,00:44:29:24,00:44:33:17,00:00:35:11,00:00:39:04,00:00:03:18,gettyimages-1367045724-640_adpp.mp4,,UNDLM_00448,,FALSE,,FALSE,FALSE,FALSE,FALSE,FALSE
449,,NAUFFRAGE MER EXT NUIT AMERICAINE + BATEAUX SAUVETAGE,00:44:33:17,00:44:35:23,00:00:03:17,00:00:05:23,00:00:02:06,gettyimages-1465064910-640_adpp.mp4,,UNDLM_00449,,FALSE,,FALSE,FALSE,FALSE,FALSE,FALSE
450,,NAUFFRAGE MER EXT NUIT AMERICAINE + BATEAUX SAUVETAGE,00:44:35:23,00:44:38:07,16:10:40:35,16:10:41:44,00:00:02:09,"20250425_ALPHA7SIII1060.mov
M2 20250425 025.0  16:10:40:35",,UNDLM_00450,,FALSE,,FALSE,FALSE,FALSE,FALSE,FALSE
451,,NAUFFRAGE MER EXT NUIT AMERICAINE + BATEAUX SAUVETAGE,00:44:38:07,00:44:39:22,16:47:16:38,16:47:18:18,00:00:01:15,20250425_ALPHA7SIII1075.mov,Doublon,UNDLM_00451,,FALSE,,FALSE,FALSE,FALSE,FALSE,FALSE
452,,NAUFFRAGE MER EXT NUIT AMERICAINE + BATEAUX SAUVETAGE,00:44:39:22,00:44:40:14,14:26:26:04,14:26:26:21,00:00:00:17,A217D146_250425TJ_CANON.mov,Doublon,UNDLM_00452,,FALSE,,FALSE,FALSE,FALSE,FALSE,FALSE
453,,NAUFFRAGE MER EXT NUIT AMERICAINE + BATEAUX SAUVETAGE,00:44:40:14,00:44:45:15,16:59:56:26,16:59:58:10,00:00:05:01,20250425_ALPHA7SIII1079.mov,Doublon,UNDLM_00453,,FALSE,,FALSE,FALSE,FALSE,FALSE,FALSE
454,,NAUFFRAGE MER EXT NUIT AMERICAINE + BATEAUX SAUVETAGE,00:44:45:15,00:44:49:08,16:46:24:37,16:46:25:31,00:00:03:18,"20250425_ALPHA7SIII1073.mov
M2 20250425 025.0  16:46:24:37",,UNDLM_00454,,FALSE,,FALSE,FALSE,FALSE,FALSE,FALSE
455,,NAUFFRAGE MER EXT NUIT AMERICAINE + BATEAUX SAUVETAGE,00:44:49:08,00:44:54:19,16:11:00:43,16:11:02:16,00:00:05:11,"20250425_ALPHA7SIII1060.mov
M2 20250425 025.0  16:11:00:43",,UNDLM_00455,,FALSE,,FALSE,FALSE,FALSE,FALSE,FALSE
456,,NAUFFRAGE MER EXT NUIT AMERICAINE + BATEAUX SAUVETAGE,00:44:54:19,00:45:00:17,18:00:14:12,18:00:20:10,00:00:05:23,20250423_ALPHA7SIII1000.mov,,UNDLM_00456,,FALSE,,FALSE,FALSE,FALSE,FALSE,FALSE
457,,NAUFFRAGE MER EXT NUIT AMERICAINE + BATEAUX SAUVETAGE,00:45:00:17,00:45:03:14,15:08:33:24,15:08:35:17,00:00:02:22,20250424_ALPHA7SIII1027.mov,,UNDLM_00457,,FALSE,,FALSE,FALSE,FALSE,FALSE,FALSE
458,,NAUFFRAGE MER EXT NUIT AMERICAINE + BATEAUX SAUVETAGE,00:45:03:14,00:45:05:21,15:46:15:15,15:46:17:22,00:00:02:07,A212C948_250424LC_CANON.mov,,UNDLM_00458,,FALSE,,FALSE,FALSE,FALSE,FALSE,FALSE
459,,NAUFFRAGE MER EXT NUIT AMERICAINE + BATEAUX SAUVETAGE,00:45:05:21,00:45:10:04,15:09:15:11,15:09:15:19,00:00:04:08,A212C937_250424QU_CANON.mov,,UNDLM_00459,,FALSE,,FALSE,FALSE,FALSE,FALSE,FALSE
460,,NAUFFRAGE MER EXT NUIT AMERICAINE + BATEAUX SAUVETAGE,00:45:10:04,00:45:14:08,15:18:44:00,15:18:48:04,00:00:04:04,20250424_ALPHA7SIII1030.mov,,UNDLM_00460,,FALSE,,FALSE,FALSE,FALSE,FALSE,FALSE
461,,NAUFFRAGE MER EXT NUIT AMERICAINE + BATEAUX SAUVETAGE,00:45:14:08,00:45:21:02,15:26:41:19,15:26:43:01,00:00:06:19,A212C944_250424QG_CANON.mov,,UNDLM_00461,,FALSE,,FALSE,FALSE,FALSE,FALSE,FALSE
462,,NAUFFRAGE MER EXT NUIT AMERICAINE + BATEAUX SAUVETAGE,00:45:21:02,00:45:29:02,15:18:25:11,15:18:30:18,00:00:08:00,A212C940_2504248G_CANON.mov,Doublon,UNDLM_00462,,FALSE,,FALSE,FALSE,FALSE,FALSE,FALSE
463,,NAUFFRAGE MER EXT NUIT AMERICAINE + BATEAUX SAUVETAGE,00:45:29:02,00:45:35:00,15:18:15:08,15:18:21:06,00:00:05:23,A212C940_2504248G_CANON.mov,Doublon,UNDLM_00463,,FALSE,,FALSE,FALSE,FALSE,FALSE,FALSE
464,,EXT CROSS - NUIT AMERICAINE 3H16,00:45:35:00,00:45:38:04,19:28:13:06,19:28:16:10,00:00:03:04,A_0002C209X250401_1833312J_UNDLM.mov,,UNDLM_00464,,FALSE,,FALSE,FALSE,FALSE,FALSE,FALSE
465,,EXT CROSS - NUIT AMERICAINE 3H16,00:45:38:04,00:45:42:00,19:24:31:02,19:24:34:23,00:00:03:21,A_0002C205X250401_1829370T_UNDLM.mov,,UNDLM_00465,,FALSE,,FALSE,FALSE,FALSE,FALSE,FALSE
466,,CROSS INTERIEUR - NUIT,00:45:42:00,00:46:19:07,14:51:50:06,14:52:27:13,00:00:37:07,LAU-001-1547.mov,,UNDLM_00466,,FALSE,,FALSE,FALSE,FALSE,FALSE,FALSE
467,,CROSS INTERIEUR - NUIT,00:46:19:07,00:46:25:15,14:31:36:14,14:31:42:22,00:00:06:08,LAU-001-1542.mov,Doublon,UNDLM_00467,,FALSE,,FALSE,FALSE,FALSE,FALSE,FALSE
468,,CROSS INTERIEUR - NUIT,00:46:25:15,00:46:30:00,15:07:41:19,15:07:46:04,00:00:04:10,LAU-001-1548.mov,Doublon,UNDLM_00468,,FALSE,,FALSE,FALSE,FALSE,FALSE,FALSE
469,,CROSS INTERIEUR - NUIT,00:46:30:00,00:46:37:09,14:33:31:22,14:33:39:06,00:00:07:09,LAU-001-1542.mov,Doublon,UNDLM_00469,,FALSE,,FALSE,FALSE,FALSE,FALSE,FALSE
470,,CROSS INTERIEUR - NUIT,00:46:37:09,00:46:46:16,15:08:09:23,15:08:19:05,00:00:09:07,LAU-001-1548.mov,Doublon,UNDLM_00470,,FALSE,,FALSE,FALSE,FALSE,FALSE,FALSE
471,,CROSS INTERIEUR - NUIT,00:46:46:16,00:46:51:06,14:34:03:20,14:34:08:10,00:00:04:15,LAU-001-1542.mov,Doublon,UNDLM_00471,,FALSE,,FALSE,FALSE,FALSE,FALSE,FALSE
472,,CROSS INTERIEUR - NUIT,00:46:51:06,00:46:53:05,15:10:59:15,15:11:01:14,00:00:01:24,LAU-001-1549.mov,Doublon,UNDLM_00472,,FALSE,,FALSE,FALSE,FALSE,FALSE,FALSE
473,,CROSS INTERIEUR - NUIT,00:46:53:05,00:46:55:06,14:34:16:20,14:34:18:21,00:00:02:01,LAU-001-1542.mov,Doublon,UNDLM_00473,,FALSE,,FALSE,FALSE,FALSE,FALSE,FALSE
474,,CROSS INTERIEUR - NUIT,00:46:55:06,00:46:57:10,15:11:03:06,15:11:05:10,00:00:02:04,LAU-001-1549.mov,Doublon,UNDLM_00474,,FALSE,,FALSE,FALSE,FALSE,FALSE,FALSE
475,,CROSS INTERIEUR - NUIT,00:46:57:10,00:47:01:06,14:34:21:23,14:34:25:19,00:00:03:21,LAU-001-1542.mov,Doublon,UNDLM_00475,,FALSE,,FALSE,FALSE,FALSE,FALSE,FALSE
476,,CROSS INTERIEUR - NUIT,00:47:01:06,00:47:04:21,15:11:09:21,15:11:13:11,00:00:03:15,LAU-001-1549.mov,Doublon,UNDLM_00476,,FALSE,,FALSE,FALSE,FALSE,FALSE,FALSE
477,,CROSS INTERIEUR - NUIT,00:47:04:21,00:47:08:18,14:37:53:00,14:37:56:22,00:00:03:22,LAU-001-1542.mov,Doublon,UNDLM_00477,,FALSE,,FALSE,FALSE,FALSE,FALSE,FALSE
478,,CROSS INTERIEUR - NUIT,00:47:08:18,00:47:16:12,20:51:23:06,20:52:02:01,00:00:07:19,A213D003_2504246F_CANON.mov,,UNDLM_00478,,FALSE,,FALSE,FALSE,FALSE,FALSE,FALSE
479,,LEVER DU SOLEIL 7H23 - EXT MER,00:47:16:12,00:47:25:05,19:16:28:19,19:16:37:12,00:00:08:18,A_0002C204X250401_182140BT_UNDLM.mov,,UNDLM_00479,,FALSE,,FALSE,FALSE,FALSE,FALSE,FALSE
480,,LEVER DU SOLEIL 7H23 - EXT MER,00:47:25:05,00:47:30:07,15:46:17:02,15:46:22:04,00:00:05:02,20250424_ALPHA7SIII1036.mov,Doublon,UNDLM_00480,,FALSE,,FALSE,FALSE,FALSE,FALSE,FALSE
481,,LEVER DU SOLEIL 7H23 - EXT MER,00:47:30:07,00:47:43:11,15:35:07:18,15:35:20:22,00:00:13:04,A212C945_250424CM_CANON.mov,,UNDLM_00481,,FALSE,,FALSE,FALSE,FALSE,FALSE,FALSE
482,,LEVER DU SOLEIL 7H23 - EXT MER,00:47:43:11,00:47:44:22,16:22:42:46,16:22:44:18,00:00:01:11,20250425_ALPHA7SIII1064.mov,Doublon,UNDLM_00482,,FALSE,,FALSE,FALSE,FALSE,FALSE,FALSE
483,,LEVER DU SOLEIL 7H23 - EXT MER,00:47:44:22,00:47:48:19,16:23:18:08,16:23:22:02,00:00:03:22,20250425_ALPHA7SIII1064.mov,Doublon,UNDLM_00483,,FALSE,,FALSE,FALSE,FALSE,FALSE,FALSE
484,,LEVER DU SOLEIL 7H23 - EXT MER,00:47:48:19,00:47:50:23,15:37:30:13,15:37:32:17,00:00:02:04,A212C946_2504242C_CANON.mov,Doublon,UNDLM_00484,,FALSE,,FALSE,FALSE,FALSE,FALSE,FALSE
485,,LEVER DU SOLEIL 7H23 - EXT MER,00:47:50:23,00:47:56:22,15:36:03:14,15:36:09:13,00:00:05:24,20250424_ALPHA7SIII1035.mov,,UNDLM_00485,,FALSE,,FALSE,FALSE,FALSE,FALSE,FALSE
486,,LEVER DU SOLEIL 7H23 - EXT MER,00:47:56:22,00:47:58:08,15:37:41:00,15:37:42:11,00:00:01:11,A212C946_2504242C_CANON.mov,Doublon,UNDLM_00486,,FALSE,,FALSE,FALSE,FALSE,FALSE,FALSE
487,,LEVER DU SOLEIL 7H23 - EXT MER,00:47:58:08,00:48:02:17,16:25:24:48,16:25:29:16,00:00:04:09,20250425_ALPHA7SIII1065.mov,,UNDLM_00487,,FALSE,,FALSE,FALSE,FALSE,FALSE,FALSE
488,,LEVER DU SOLEIL 7H23 - EXT MER,00:48:02:17,00:48:06:24,17:41:49:32,17:41:51:39,00:00:04:07,"20250425_ALPHA7SIII1094.mov
M2 20250425 025.0  17:41:49:32",,UNDLM_00488,,FALSE,,FALSE,FALSE,FALSE,FALSE,FALSE
489,,LEVER DU SOLEIL 7H23 - EXT MER,00:48:06:24,00:48:13:07,17:43:23:12,17:43:26:20,00:00:06:08,"20250425_ALPHA7SIII1095.mov
M2 20250425 025.0  17:43:23:12",,UNDLM_00489,,FALSE,,FALSE,FALSE,FALSE,FALSE,FALSE
490,,LEVER DU SOLEIL 7H23 - EXT MER,00:48:13:07,00:48:19:11,17:44:03:23,17:44:06:27,00:00:06:04,"20250425_ALPHA7SIII1095.mov
M2 20250425 025.0  17:44:03:23",,UNDLM_00490,,FALSE,,FALSE,FALSE,FALSE,FALSE,FALSE
491,,LEVER DU SOLEIL 7H23 - EXT MER,00:48:19:11,00:48:32:13,15:44:18:15,15:44:31:17,00:00:13:02,20250424_ALPHA7SIII1036.mov,Doublon,UNDLM_00491,,FALSE,,FALSE,FALSE,FALSE,FALSE,FALSE
492,,LEVER DU SOLEIL 7H23 - EXT MER,00:48:32:13,00:48:38:23,17:44:51:00,17:44:54:10,00:00:06:10,"20250425_ALPHA7SIII1095.mov
M2 20250425 025.0  17:44:51:00",,UNDLM_00492,,FALSE,,FALSE,FALSE,FALSE,FALSE,FALSE
493,,LEVER DU SOLEIL 7H23 - EXT MER,00:48:38:23,00:48:45:00,17:34:45:31,17:34:48:33,00:00:06:02,"20250425_ALPHA7SIII1091.mov
M2 20250425 025.0  17:34:45:31",,UNDLM_00493,,FALSE,,FALSE,FALSE,FALSE,FALSE,FALSE
494,,LEVER DU SOLEIL 7H23 - EXT MER,00:48:45:00,00:48:54:17,17:35:09:03,17:35:13:45,00:00:09:17,"20250425_ALPHA7SIII1091.mov
M2 20250425 025.0  17:35:09:03",,UNDLM_00494,,FALSE,,FALSE,FALSE,FALSE,FALSE,FALSE
495,,13H49 - RECUPERATION DES 2 SURVIVANTS,00:48:54:17,00:49:11:20,00:01:47:03,00:02:04:06,00:00:17:03,DJI_0015.mov,Doublon,UNDLM_00495,,FALSE,,FALSE,FALSE,FALSE,FALSE,FALSE
496,,13H49 - RECUPERATION DES 2 SURVIVANTS,00:49:11:20,00:49:17:12,00:28:17:03,00:28:22:20,00:00:05:17,INA_G3292988_001_001_peche_6.mov,,UNDLM_00496,,FALSE,,FALSE,FALSE,FALSE,FALSE,FALSE
497,,13H49 - RECUPERATION DES 2 SURVIVANTS,00:49:17:12,00:49:20:21,00:19:04:06,00:19:07:15,00:00:03:09,INA_G3292988_001_001_peche_5.mov,,UNDLM_00497,,FALSE,,FALSE,FALSE,FALSE,FALSE,FALSE
498,,13H49 - RECUPERATION DES 2 SURVIVANTS,00:49:20:21,00:49:31:20,00:01:17:18,00:01:28:17,00:00:10:24,AFP__20210909__9MH7PC__v7__MockupMP4640x360MARKED__StockshotsMigrantsCrossingChannel.mov,Doublon,UNDLM_00498,,FALSE,,FALSE,FALSE,FALSE,FALSE,FALSE
499,,13H49 - RECUPERATION DES 2 SURVIVANTS,00:49:31:20,00:49:35:24,14:17:37:21,14:17:42:00,00:00:04:04,A217D137_2504251D_CANON.mov,,UNDLM_00499,,FALSE,,FALSE,FALSE,FALSE,FALSE,FALSE
500,,13H49 - RECUPERATION DES 2 SURVIVANTS,00:49:35:24,00:49:40:01,14:21:49:12,14:21:53:14,00:00:04:02,A217D140_25042577_CANON.mov,,UNDLM_00500,,FALSE,,FALSE,FALSE,FALSE,FALSE,FALSE
501,,CROSS INTERIEUR - JOUR,00:49:40:01,00:49:51:23,23:18:07:16,23:18:12:24,00:00:11:22,C1211.mov,,UNDLM_00501,,FALSE,,FALSE,FALSE,FALSE,FALSE,FALSE
502,,13H49 - RECUPERATION DES 2 SURVIVANTS,00:49:51:23,00:49:55:19,00:01:26:10,00:01:30:06,00:00:03:21,AFP__20210909__9MH7PC__v7__MockupMP4640x360MARKED__StockshotsMigrantsCrossingChannel.mov,Doublon,UNDLM_00502,,FALSE,,FALSE,FALSE,FALSE,FALSE,FALSE
503,,13H49 - RECUPERATION DES 2 SURVIVANTS,00:49:55:19,00:49:59:16,14:25:50:01,14:25:53:23,00:00:03:22,A217D146_250425TJ_CANON.mov,Doublon,UNDLM_00503,,FALSE,,FALSE,FALSE,FALSE,FALSE,FALSE
504,,13H49 - RECUPERATION DES 2 SURVIVANTS,00:49:59:16,00:50:05:02,14:26:13:17,14:26:19:03,00:00:05:11,A217D146_250425TJ_CANON.mov,Doublon,UNDLM_00504,,FALSE,,FALSE,FALSE,FALSE,FALSE,FALSE
505,,13H49 - RECUPERATION DES 2 SURVIVANTS,00:50:05:02,00:50:15:11,00:00:04:12,00:00:14:21,00:00:10:09,DJI_0173.mov,,UNDLM_00505,,FALSE,,FALSE,FALSE,FALSE,FALSE,FALSE
506,,REVEIL HOPITAL JOUR,00:50:16:08,00:50:27:06,11:40:56:00,11:41:06:23,00:00:10:23,A_0002C116X250401_104055SX_UNDLM.mov,Doublon,UNDLM_00506,,FALSE,,FALSE,FALSE,FALSE,FALSE,FALSE
507,,REVEIL HOPITAL JOUR,00:50:27:06,00:50:34:16,11:17:56:24,11:18:02:21,00:00:07:10,A_0002C114X250401_101702L9_UNDLM.mov,Doublon,UNDLM_00507,,FALSE,,FALSE,FALSE,FALSE,FALSE,FALSE
508,,REVEIL HOPITAL JOUR,00:50:34:16,00:50:42:07,13:08:59:06,13:09:04:21,00:00:05:15,A_0002C135X250401_1212512O_UNDLM.mov,Doublon,UNDLM_00508,,FALSE,,FALSE,FALSE,FALSE,FALSE,FALSE
509,,REVEIL HOPITAL JOUR,00:50:42:07,00:50:49:21,11:43:22:20,11:43:26:11,00:00:07:14,A_0002C116X250401_104055SX_UNDLM.mov,Doublon,UNDLM_00509,,FALSE,,FALSE,FALSE,FALSE,FALSE,FALSE
510,,REVEIL HOPITAL JOUR,00:50:49:21,00:51:00:18,13:07:46:21,13:07:57:18,00:00:10:22,A_0002C135X250401_1212512O_UNDLM.mov,Doublon,UNDLM_00510,,FALSE,,FALSE,FALSE,FALSE,FALSE,FALSE
511,,GENERIQUE DE FIN,00:51:01:07,00:51:08:19,01:00:00:00,01:00:07:12,00:00:07:12,Image,Doublon,UNDLM_00511,,FALSE,,FALSE,FALSE,FALSE,FALSE,FALSE
512,,GENERIQUE DE FIN,00:51:09:14,00:51:23:04,01:00:10:21,01:00:24:11,00:00:13:15,Image,Doublon,UNDLM_00512,,FALSE,,FALSE,FALSE,FALSE,FALSE,FALSE
513,,GENERIQUE DE FIN,00:51:24:13,00:51:34:13,01:00:24:10,01:00:34:10,00:00:10:00,Image,Doublon,UNDLM_00513,,FALSE,,FALSE,FALSE,FALSE,FALSE,FALSE
514,,GENERIQUE DE FIN,00:51:36:04,00:51:44:01,00:00:32:07,00:00:40:04,00:00:07:22,episode_2-ENTRE LES FRONTIERES.mp4,Doublon,UNDLM_00514,,FALSE,,FALSE,FALSE,FALSE,FALSE,FALSE
515,,GENERIQUE DE FIN,00:51:44:01,00:51:51:21,00:00:45:11,00:00:53:06,00:00:07:20,episode_2-ENTRE LES FRONTIERES.mp4,Doublon,UNDLM_00515,,FALSE,,FALSE,FALSE,FALSE,FALSE,FALSE
516,,GENERIQUE DE FIN,00:51:51:21,00:51:56:08,00:00:40:22,00:00:45:09,00:00:04:12,episode_2-ENTRE LES FRONTIERES.mp4,Doublon,UNDLM_00516,,FALSE,,FALSE,FALSE,FALSE,FALSE,FALSE
517,,GENERIQUE DE FIN,00:51:56:08,00:52:00:08,00:03:12:13,00:03:16:13,00:00:04:00,episode_2-ENTRE LES FRONTIERES.mp4,Doublon,UNDLM_00517,,FALSE,,FALSE,FALSE,FALSE,FALSE,FALSE
518,,GENERIQUE DE FIN,00:52:00:08,00:52:09:07,00:02:18:12,00:02:27:11,00:00:08:24,episode_2-ENTRE LES FRONTIERES.mp4,Doublon,UNDLM_00518,,FALSE,,FALSE,FALSE,FALSE,FALSE,FALSE
519,,GENERIQUE DE FIN,00:52:09:07,00:52:17:02,00:03:03:19,00:03:11:05,00:00:07:20,episode_2-ENTRE LES FRONTIERES.mp4,Doublon,UNDLM_00519,,FALSE,,FALSE,FALSE,FALSE,FALSE,FALSE
520,,GENERIQUE DE FIN,00:52:17:02,00:52:20:23,00:03:08:18,00:03:12:14,00:00:03:21,episode_2-ENTRE LES FRONTIERES.mp4,Doublon,UNDLM_00520,,FALSE,,FALSE,FALSE,FALSE,FALSE,FALSE